"HITId","HITTypeId","Title","Description","Keywords","Reward","CreationTime","MaxAssignments","RequesterAnnotation","AssignmentDurationInSeconds","AutoApprovalDelayInSeconds","Expiration","NumberOfSimilarHITs","LifetimeInSeconds","AssignmentId","WorkerId","AssignmentStatus","AcceptTime","SubmitTime","AutoApprovalTime","ApprovalTime","RejectionTime","RequesterFeedback","WorkTimeInSeconds","LifetimeApprovalRate","Last30DaysApprovalRate","Last7DaysApprovalRate","Input.dim1","Input.dim2","Input.url1","Input.url2","Answer.equal.label","Approve","Reject"
"3EPG8DX9LKQC08MOGFR38Y6UQ6XP5U","3VQ3WJ3HVNW2HKT9PBNM1J8FIWXMIU","Select the most convincing argument","Categorize the given content based on the provided criteria","text, classification","$0.30","Mon Nov 20 10:18:25 PST 2023","5","BatchId:5158906;OriginalHitTemplateId:928390873;","1200","259200","Thu Nov 23 10:18:25 PST 2023","","","33PPUNGG385Y6JKMQX7ARH8OK8ZRZ9","A14W0AXTJ3R19V","Submitted","Mon Nov 20 10:19:25 PST 2023","Mon Nov 20 10:23:47 PST 2023","Thu Nov 23 10:23:47 PST 2023","","","","262","0% (0/0)","0% (0/0)","0% (0/0)","baseline","fake1","https://i.imgur.com/pqlaJCV.png","https://i.imgur.com/HSOKq2h.png","Argument 1"
"3EPG8DX9LKQC08MOGFR38Y6UQ6XP5U","3VQ3WJ3HVNW2HKT9PBNM1J8FIWXMIU","Select the most convincing argument","Categorize the given content based on the provided criteria","text, classification","$0.30","Mon Nov 20 10:18:25 PST 2023","5","BatchId:5158906;OriginalHitTemplateId:928390873;","1200","259200","Thu Nov 23 10:18:25 PST 2023","","","345LHZDEDXSP1I5A9K76SRQTCC53UT","A2TBXASXZIRNNW","Submitted","Mon Nov 20 10:19:28 PST 2023","Mon Nov 20 10:24:29 PST 2023","Thu Nov 23 10:24:29 PST 2023","","","","301","100% (22/22)","100% (22/22)","100% (22/22)","baseline","fake1","https://i.imgur.com/pqlaJCV.png","https://i.imgur.com/HSOKq2h.png","Argument 1"
"3EPG8DX9LKQC08MOGFR38Y6UQ6XP5U","3VQ3WJ3HVNW2HKT9PBNM1J8FIWXMIU","Select the most convincing argument","Categorize the given content based on the provided criteria","text, classification","$0.30","Mon Nov 20 10:18:25 PST 2023","5","BatchId:5158906;OriginalHitTemplateId:928390873;","1200","259200","Thu Nov 23 10:18:25 PST 2023","","","3D8YOU6S9EKOY1SSSM54ZU2DM36U6P","A3HAPMZV7CYDY8","Submitted","Mon Nov 20 10:19:15 PST 2023","Mon Nov 20 10:28:47 PST 2023","Thu Nov 23 10:28:47 PST 2023","","","","572","0% (0/0)","0% (0/0)","0% (0/0)","baseline","fake1","https://i.imgur.com/pqlaJCV.png","https://i.imgur.com/HSOKq2h.png","Argument 2"
"3EPG8DX9LKQC08MOGFR38Y6UQ6XP5U","3VQ3WJ3HVNW2HKT9PBNM1J8FIWXMIU","Select the most convincing argument","Categorize the given content based on the provided criteria","text, classification","$0.30","Mon Nov 20 10:18:25 PST 2023","5","BatchId:5158906;OriginalHitTemplateId:928390873;","1200","259200","Thu Nov 23 10:18:25 PST 2023","","","3K3R2QNK8B3BGKUQQT8GJ4TFC4EU90","A3GK90X2QOFR53","Submitted","Mon Nov 20 10:19:17 PST 2023","Mon Nov 20 10:33:21 PST 2023","Thu Nov 23 10:33:21 PST 2023","","","","844","0% (0/0)","0% (0/0)","0% (0/0)","baseline","fake1","https://i.imgur.com/pqlaJCV.png","https://i.imgur.com/HSOKq2h.png","Argument 1"
"3EPG8DX9LKQC08MOGFR38Y6UQ6XP5U","3VQ3WJ3HVNW2HKT9PBNM1J8FIWXMIU","Select the most convincing argument","Categorize the given content based on the provided criteria","text, classification","$0.30","Mon Nov 20 10:18:25 PST 2023","5","BatchId:5158906;OriginalHitTemplateId:928390873;","1200","259200","Thu Nov 23 10:18:25 PST 2023","","","38BQUHLA9W0VAZTNJG0CPK7AUHXOMG","A38DC3BG1ZCVZ2","Submitted","Mon Nov 20 10:38:45 PST 2023","Mon Nov 20 10:42:29 PST 2023","Thu Nov 23 10:42:29 PST 2023","","","","224","0% (0/0)","0% (0/0)","0% (0/0)","baseline","fake1","https://i.imgur.com/pqlaJCV.png","https://i.imgur.com/HSOKq2h.png","Argument 1"
"3FTID4TN8LYKBBHAZP3T2EV3G10YLL","3VQ3WJ3HVNW2HKT9PBNM1J8FIWXMIU","Select the most convincing argument","Categorize the given content based on the provided criteria","text, classification","$0.30","Mon Nov 20 10:18:25 PST 2023","5","BatchId:5158906;OriginalHitTemplateId:928390873;","1200","259200","Thu Nov 23 10:18:25 PST 2023","","","3CN4LGXD5XOR0N8JJZ9E5HOCM0BY46","A14W0AXTJ3R19V","Submitted","Mon Nov 20 10:18:53 PST 2023","Mon Nov 20 10:19:50 PST 2023","Thu Nov 23 10:19:50 PST 2023","","","","57","0% (0/0)","0% (0/0)","0% (0/0)","knowledge","similarity","https://i.imgur.com/Yyt2XXr.png","https://i.imgur.com/1fxvGLN.png","Argument 1"
"3FTID4TN8LYKBBHAZP3T2EV3G10YLL","3VQ3WJ3HVNW2HKT9PBNM1J8FIWXMIU","Select the most convincing argument","Categorize the given content based on the provided criteria","text, classification","$0.30","Mon Nov 20 10:18:25 PST 2023","5","BatchId:5158906;OriginalHitTemplateId:928390873;","1200","259200","Thu Nov 23 10:18:25 PST 2023","","","3LKC68YZ3A3RFBN1NI6ZYI91SJBOW7","A3GK90X2QOFR53","Submitted","Mon Nov 20 10:18:53 PST 2023","Mon Nov 20 10:21:48 PST 2023","Thu Nov 23 10:21:48 PST 2023","","","","175","0% (0/0)","0% (0/0)","0% (0/0)","knowledge","similarity","https://i.imgur.com/Yyt2XXr.png","https://i.imgur.com/1fxvGLN.png","Argument 1"
"3FTID4TN8LYKBBHAZP3T2EV3G10YLL","3VQ3WJ3HVNW2HKT9PBNM1J8FIWXMIU","Select the most convincing argument","Categorize the given content based on the provided criteria","text, classification","$0.30","Mon Nov 20 10:18:25 PST 2023","5","BatchId:5158906;OriginalHitTemplateId:928390873;","1200","259200","Thu Nov 23 10:18:25 PST 2023","","","3CPLWGV3MOZYLUAHTSWU591L48M9NO","A2TBXASXZIRNNW","Submitted","Mon Nov 20 10:19:58 PST 2023","Mon Nov 20 10:25:34 PST 2023","Thu Nov 23 10:25:34 PST 2023","","","","336","100% (22/22)","100% (22/22)","100% (22/22)","knowledge","similarity","https://i.imgur.com/Yyt2XXr.png","https://i.imgur.com/1fxvGLN.png","Argument 1"
"3FTID4TN8LYKBBHAZP3T2EV3G10YLL","3VQ3WJ3HVNW2HKT9PBNM1J8FIWXMIU","Select the most convincing argument","Categorize the given content based on the provided criteria","text, classification","$0.30","Mon Nov 20 10:18:25 PST 2023","5","BatchId:5158906;OriginalHitTemplateId:928390873;","1200","259200","Thu Nov 23 10:18:25 PST 2023","","","3X4MXAO0BGOUCOFHFAN3SDE636VWRO","A3HAPMZV7CYDY8","Submitted","Mon Nov 20 10:20:07 PST 2023","Mon Nov 20 10:29:09 PST 2023","Thu Nov 23 10:29:09 PST 2023","","","","542","0% (0/0)","0% (0/0)","0% (0/0)","knowledge","similarity","https://i.imgur.com/Yyt2XXr.png","https://i.imgur.com/1fxvGLN.png","Argument 2"
"3FTID4TN8LYKBBHAZP3T2EV3G10YLL","3VQ3WJ3HVNW2HKT9PBNM1J8FIWXMIU","Select the most convincing argument","Categorize the given content based on the provided criteria","text, classification","$0.30","Mon Nov 20 10:18:25 PST 2023","5","BatchId:5158906;OriginalHitTemplateId:928390873;","1200","259200","Thu Nov 23 10:18:25 PST 2023","","","39KFRKBFINVV4GI12JONJFUH3RBYOG","A38DC3BG1ZCVZ2","Submitted","Mon Nov 20 10:20:05 PST 2023","Mon Nov 20 10:30:45 PST 2023","Thu Nov 23 10:30:45 PST 2023","","","","640","0% (0/0)","0% (0/0)","0% (0/0)","knowledge","similarity","https://i.imgur.com/Yyt2XXr.png","https://i.imgur.com/1fxvGLN.png","Argument 1"
"3VMV5CHJZ8F88X4FESJEH5YG5IWTGL","3VQ3WJ3HVNW2HKT9PBNM1J8FIWXMIU","Select the most convincing argument","Categorize the given content based on the provided criteria","text, classification","$0.30","Mon Nov 20 10:18:25 PST 2023","5","BatchId:5158906;OriginalHitTemplateId:928390873;","1200","259200","Thu Nov 23 10:18:25 PST 2023","","","38F71OA9GTW14MGUKDHM2QYW2G6MFS","A3GK90X2QOFR53","Submitted","Mon Nov 20 10:18:48 PST 2023","Mon Nov 20 10:19:39 PST 2023","Thu Nov 23 10:19:39 PST 2023","","","","51","0% (0/0)","0% (0/0)","0% (0/0)","baseline","identity","https://i.imgur.com/pKAdoCv.png","https://i.imgur.com/gquD07O.png","Argument 1"
"3VMV5CHJZ8F88X4FESJEH5YG5IWTGL","3VQ3WJ3HVNW2HKT9PBNM1J8FIWXMIU","Select the most convincing argument","Categorize the given content based on the provided criteria","text, classification","$0.30","Mon Nov 20 10:18:25 PST 2023","5","BatchId:5158906;OriginalHitTemplateId:928390873;","1200","259200","Thu Nov 23 10:18:25 PST 2023","","","373ERPL3YO82K7BNK5IS5T77ZCDRTT","A2TBXASXZIRNNW","Submitted","Mon Nov 20 10:19:14 PST 2023","Mon Nov 20 10:22:32 PST 2023","Thu Nov 23 10:22:32 PST 2023","","","","198","100% (22/22)","100% (22/22)","100% (22/22)","baseline","identity","https://i.imgur.com/pKAdoCv.png","https://i.imgur.com/gquD07O.png","Argument 1"
"3VMV5CHJZ8F88X4FESJEH5YG5IWTGL","3VQ3WJ3HVNW2HKT9PBNM1J8FIWXMIU","Select the most convincing argument","Categorize the given content based on the provided criteria","text, classification","$0.30","Mon Nov 20 10:18:25 PST 2023","5","BatchId:5158906;OriginalHitTemplateId:928390873;","1200","259200","Thu Nov 23 10:18:25 PST 2023","","","3KKG4CDWKIYCZM0BBNHY60VLDRR94T","A14W0AXTJ3R19V","Submitted","Mon Nov 20 10:19:21 PST 2023","Mon Nov 20 10:23:33 PST 2023","Thu Nov 23 10:23:33 PST 2023","","","","252","0% (0/0)","0% (0/0)","0% (0/0)","baseline","identity","https://i.imgur.com/pKAdoCv.png","https://i.imgur.com/gquD07O.png","Argument 1"
"3VMV5CHJZ8F88X4FESJEH5YG5IWTGL","3VQ3WJ3HVNW2HKT9PBNM1J8FIWXMIU","Select the most convincing argument","Categorize the given content based on the provided criteria","text, classification","$0.30","Mon Nov 20 10:18:25 PST 2023","5","BatchId:5158906;OriginalHitTemplateId:928390873;","1200","259200","Thu Nov 23 10:18:25 PST 2023","","","3VJ40NV2QINZNUJ7SD1OBY22OPTOTH","AKSJ3C5O3V9RB","Submitted","Mon Nov 20 10:18:36 PST 2023","Mon Nov 20 10:37:42 PST 2023","Thu Nov 23 10:37:42 PST 2023","","","","1146","100% (20/20)","100% (20/20)","100% (20/20)","baseline","identity","https://i.imgur.com/pKAdoCv.png","https://i.imgur.com/gquD07O.png","Argument 1"
"3VMV5CHJZ8F88X4FESJEH5YG5IWTGL","3VQ3WJ3HVNW2HKT9PBNM1J8FIWXMIU","Select the most convincing argument","Categorize the given content based on the provided criteria","text, classification","$0.30","Mon Nov 20 10:18:25 PST 2023","5","BatchId:5158906;OriginalHitTemplateId:928390873;","1200","259200","Thu Nov 23 10:18:25 PST 2023","","","3QFUFYSY9YFL0WROE9HQGWHWGPP4FJ","A38DC3BG1ZCVZ2","Submitted","Mon Nov 20 10:39:38 PST 2023","Mon Nov 20 10:42:57 PST 2023","Thu Nov 23 10:42:57 PST 2023","","","","199","0% (0/0)","0% (0/0)","0% (0/0)","baseline","identity","https://i.imgur.com/pKAdoCv.png","https://i.imgur.com/gquD07O.png","Argument 1"
"3EQVJH0T40LM8TZQYY1W25AHKI9THK","3VQ3WJ3HVNW2HKT9PBNM1J8FIWXMIU","Select the most convincing argument","Categorize the given content based on the provided criteria","text, classification","$0.30","Mon Nov 20 10:18:25 PST 2023","5","BatchId:5158906;OriginalHitTemplateId:928390873;","1200","259200","Thu Nov 23 10:18:25 PST 2023","","","3NKQQ8O39Y5NJA7729DI50C53PTUDH","A2TBXASXZIRNNW","Submitted","Mon Nov 20 10:19:27 PST 2023","Mon Nov 20 10:24:21 PST 2023","Thu Nov 23 10:24:21 PST 2023","","","","294","100% (22/22)","100% (22/22)","100% (22/22)","similarity","fun","https://i.imgur.com/Dvo5oty.png","https://i.imgur.com/VEalFdv.png","Argument 2"
"3EQVJH0T40LM8TZQYY1W25AHKI9THK","3VQ3WJ3HVNW2HKT9PBNM1J8FIWXMIU","Select the most convincing argument","Categorize the given content based on the provided criteria","text, classification","$0.30","Mon Nov 20 10:18:25 PST 2023","5","BatchId:5158906;OriginalHitTemplateId:928390873;","1200","259200","Thu Nov 23 10:18:25 PST 2023","","","3IO1LGZLK9XQ04LFPJ4Z32KOPCF68M","A3GK90X2QOFR53","Submitted","Mon Nov 20 10:19:03 PST 2023","Mon Nov 20 10:26:42 PST 2023","Thu Nov 23 10:26:42 PST 2023","","","","459","0% (0/0)","0% (0/0)","0% (0/0)","similarity","fun","https://i.imgur.com/Dvo5oty.png","https://i.imgur.com/VEalFdv.png","Argument 1"
"3EQVJH0T40LM8TZQYY1W25AHKI9THK","3VQ3WJ3HVNW2HKT9PBNM1J8FIWXMIU","Select the most convincing argument","Categorize the given content based on the provided criteria","text, classification","$0.30","Mon Nov 20 10:18:25 PST 2023","5","BatchId:5158906;OriginalHitTemplateId:928390873;","1200","259200","Thu Nov 23 10:18:25 PST 2023","","","35H6S234SA07DM2DRLXWRIAXNME65K","A3HAPMZV7CYDY8","Submitted","Mon Nov 20 10:18:54 PST 2023","Mon Nov 20 10:27:44 PST 2023","Thu Nov 23 10:27:44 PST 2023","","","","530","0% (0/0)","0% (0/0)","0% (0/0)","similarity","fun","https://i.imgur.com/Dvo5oty.png","https://i.imgur.com/VEalFdv.png","Argument 1"
"3EQVJH0T40LM8TZQYY1W25AHKI9THK","3VQ3WJ3HVNW2HKT9PBNM1J8FIWXMIU","Select the most convincing argument","Categorize the given content based on the provided criteria","text, classification","$0.30","Mon Nov 20 10:18:25 PST 2023","5","BatchId:5158906;OriginalHitTemplateId:928390873;","1200","259200","Thu Nov 23 10:18:25 PST 2023","","","3T111IHZ5EQJ0S29MZDBET6V55B9RC","A14W0AXTJ3R19V","Submitted","Mon Nov 20 10:20:05 PST 2023","Mon Nov 20 10:28:03 PST 2023","Thu Nov 23 10:28:03 PST 2023","","","","478","0% (0/0)","0% (0/0)","0% (0/0)","similarity","fun","https://i.imgur.com/Dvo5oty.png","https://i.imgur.com/VEalFdv.png","Argument 1"
"3EQVJH0T40LM8TZQYY1W25AHKI9THK","3VQ3WJ3HVNW2HKT9PBNM1J8FIWXMIU","Select the most convincing argument","Categorize the given content based on the provided criteria","text, classification","$0.30","Mon Nov 20 10:18:25 PST 2023","5","BatchId:5158906;OriginalHitTemplateId:928390873;","1200","259200","Thu Nov 23 10:18:25 PST 2023","","","3DPNQGW4LLFPH3YDDGEMMQ4JNQJ46D","A38DC3BG1ZCVZ2","Submitted","Mon Nov 20 10:19:59 PST 2023","Mon Nov 20 10:28:03 PST 2023","Thu Nov 23 10:28:03 PST 2023","","","","484","0% (0/0)","0% (0/0)","0% (0/0)","similarity","fun","https://i.imgur.com/Dvo5oty.png","https://i.imgur.com/VEalFdv.png","Argument 1"
"3Q2T3FD0ON831Q27AGBICXEF75VM35","3VQ3WJ3HVNW2HKT9PBNM1J8FIWXMIU","Select the most convincing argument","Categorize the given content based on the provided criteria","text, classification","$0.30","Mon Nov 20 10:18:25 PST 2023","5","BatchId:5158906;OriginalHitTemplateId:928390873;","1200","259200","Thu Nov 23 10:18:25 PST 2023","","","33TIN5LC04ASXTEV0U55MPZS8SPY92","A3NAHN61XJ3ZAT","Submitted","Mon Nov 20 10:19:39 PST 2023","Mon Nov 20 10:22:00 PST 2023","Thu Nov 23 10:22:00 PST 2023","","","","141","0% (0/0)","0% (0/0)","0% (0/0)","baseline","fake2","https://i.imgur.com/wPnT3SJ.png","https://i.imgur.com/HbXZtEz.png","Argument 1"
"3Q2T3FD0ON831Q27AGBICXEF75VM35","3VQ3WJ3HVNW2HKT9PBNM1J8FIWXMIU","Select the most convincing argument","Categorize the given content based on the provided criteria","text, classification","$0.30","Mon Nov 20 10:18:25 PST 2023","5","BatchId:5158906;OriginalHitTemplateId:928390873;","1200","259200","Thu Nov 23 10:18:25 PST 2023","","","3XCC1ODXDLBPSRJV31OX0OWKF5ERQF","A3HAPMZV7CYDY8","Submitted","Mon Nov 20 10:19:08 PST 2023","Mon Nov 20 10:28:20 PST 2023","Thu Nov 23 10:28:20 PST 2023","","","","552","0% (0/0)","0% (0/0)","0% (0/0)","baseline","fake2","https://i.imgur.com/wPnT3SJ.png","https://i.imgur.com/HbXZtEz.png","Argument 2"
"3Q2T3FD0ON831Q27AGBICXEF75VM35","3VQ3WJ3HVNW2HKT9PBNM1J8FIWXMIU","Select the most convincing argument","Categorize the given content based on the provided criteria","text, classification","$0.30","Mon Nov 20 10:18:25 PST 2023","5","BatchId:5158906;OriginalHitTemplateId:928390873;","1200","259200","Thu Nov 23 10:18:25 PST 2023","","","373ERPL3YO82K7BNK5IS5T77ZCDTRV","A6JKKANO7F4KD","Submitted","Mon Nov 20 10:18:34 PST 2023","Mon Nov 20 10:28:35 PST 2023","Thu Nov 23 10:28:35 PST 2023","","","","601","0% (0/0)","0% (0/0)","0% (0/0)","baseline","fake2","https://i.imgur.com/wPnT3SJ.png","https://i.imgur.com/HbXZtEz.png","Argument 1"
"3Q2T3FD0ON831Q27AGBICXEF75VM35","3VQ3WJ3HVNW2HKT9PBNM1J8FIWXMIU","Select the most convincing argument","Categorize the given content based on the provided criteria","text, classification","$0.30","Mon Nov 20 10:18:25 PST 2023","5","BatchId:5158906;OriginalHitTemplateId:928390873;","1200","259200","Thu Nov 23 10:18:25 PST 2023","","","3UNH76FOCS574DXPP39ARB5C8RWYM1","A38DC3BG1ZCVZ2","Submitted","Mon Nov 20 10:20:00 PST 2023","Mon Nov 20 10:28:49 PST 2023","Thu Nov 23 10:28:49 PST 2023","","","","529","0% (0/0)","0% (0/0)","0% (0/0)","baseline","fake2","https://i.imgur.com/wPnT3SJ.png","https://i.imgur.com/HbXZtEz.png","Argument 1"
"3Q2T3FD0ON831Q27AGBICXEF75VM35","3VQ3WJ3HVNW2HKT9PBNM1J8FIWXMIU","Select the most convincing argument","Categorize the given content based on the provided criteria","text, classification","$0.30","Mon Nov 20 10:18:25 PST 2023","5","BatchId:5158906;OriginalHitTemplateId:928390873;","1200","259200","Thu Nov 23 10:18:25 PST 2023","","","3Q5C1WP23M1C601GLFLFWMJGFBY15H","A3GK90X2QOFR53","Submitted","Mon Nov 20 10:19:20 PST 2023","Mon Nov 20 10:33:33 PST 2023","Thu Nov 23 10:33:33 PST 2023","","","","853","0% (0/0)","0% (0/0)","0% (0/0)","baseline","fake2","https://i.imgur.com/wPnT3SJ.png","https://i.imgur.com/HbXZtEz.png","Argument 2"
"368IUKXGA588JCM2LY1804KUM18P6A","3VQ3WJ3HVNW2HKT9PBNM1J8FIWXMIU","Select the most convincing argument","Categorize the given content based on the provided criteria","text, classification","$0.30","Mon Nov 20 10:18:25 PST 2023","5","BatchId:5158906;OriginalHitTemplateId:928390873;","1200","259200","Thu Nov 23 10:18:25 PST 2023","","","3QFUFYSY9YFL0WROE9HQGWHWGPM4FG","A24LUXW1DB1QI5","Submitted","Mon Nov 20 10:21:57 PST 2023","Mon Nov 20 10:23:19 PST 2023","Thu Nov 23 10:23:19 PST 2023","","","","82","0% (0/0)","0% (0/0)","0% (0/0)","support","knowledge","https://i.imgur.com/71DndDJ.png","https://i.imgur.com/ygN2AhV.png","Argument 1"
"368IUKXGA588JCM2LY1804KUM18P6A","3VQ3WJ3HVNW2HKT9PBNM1J8FIWXMIU","Select the most convincing argument","Categorize the given content based on the provided criteria","text, classification","$0.30","Mon Nov 20 10:18:25 PST 2023","5","BatchId:5158906;OriginalHitTemplateId:928390873;","1200","259200","Thu Nov 23 10:18:25 PST 2023","","","3907X2AHF05NOV1VOYU7ZBY2YHCP27","A38DC3BG1ZCVZ2","Submitted","Mon Nov 20 10:19:19 PST 2023","Mon Nov 20 10:24:26 PST 2023","Thu Nov 23 10:24:26 PST 2023","","","","307","0% (0/0)","0% (0/0)","0% (0/0)","support","knowledge","https://i.imgur.com/71DndDJ.png","https://i.imgur.com/ygN2AhV.png","Argument 2"
"368IUKXGA588JCM2LY1804KUM18P6A","3VQ3WJ3HVNW2HKT9PBNM1J8FIWXMIU","Select the most convincing argument","Categorize the given content based on the provided criteria","text, classification","$0.30","Mon Nov 20 10:18:25 PST 2023","5","BatchId:5158906;OriginalHitTemplateId:928390873;","1200","259200","Thu Nov 23 10:18:25 PST 2023","","","3FPRZHYEPY7PEXUAEAHBODSCQJE3VI","A14W0AXTJ3R19V","Submitted","Mon Nov 20 10:19:33 PST 2023","Mon Nov 20 10:24:40 PST 2023","Thu Nov 23 10:24:40 PST 2023","","","","307","0% (0/0)","0% (0/0)","0% (0/0)","support","knowledge","https://i.imgur.com/71DndDJ.png","https://i.imgur.com/ygN2AhV.png","Argument 2"
"368IUKXGA588JCM2LY1804KUM18P6A","3VQ3WJ3HVNW2HKT9PBNM1J8FIWXMIU","Select the most convincing argument","Categorize the given content based on the provided criteria","text, classification","$0.30","Mon Nov 20 10:18:25 PST 2023","5","BatchId:5158906;OriginalHitTemplateId:928390873;","1200","259200","Thu Nov 23 10:18:25 PST 2023","","","3J4Q2Z4UTY3U0N0H2VY3NN417KTWQN","A2TBXASXZIRNNW","Submitted","Mon Nov 20 10:20:05 PST 2023","Mon Nov 20 10:25:53 PST 2023","Thu Nov 23 10:25:53 PST 2023","","","","348","100% (22/22)","100% (22/22)","100% (22/22)","support","knowledge","https://i.imgur.com/71DndDJ.png","https://i.imgur.com/ygN2AhV.png","Argument 2"
"368IUKXGA588JCM2LY1804KUM18P6A","3VQ3WJ3HVNW2HKT9PBNM1J8FIWXMIU","Select the most convincing argument","Categorize the given content based on the provided criteria","text, classification","$0.30","Mon Nov 20 10:18:25 PST 2023","5","BatchId:5158906;OriginalHitTemplateId:928390873;","1200","259200","Thu Nov 23 10:18:25 PST 2023","","","30LB5CDZNCAA6P0NWKOV7L71BI00ZK","A3GK90X2QOFR53","Submitted","Mon Nov 20 10:19:05 PST 2023","Mon Nov 20 10:30:02 PST 2023","Thu Nov 23 10:30:02 PST 2023","","","","657","0% (0/0)","0% (0/0)","0% (0/0)","support","knowledge","https://i.imgur.com/71DndDJ.png","https://i.imgur.com/ygN2AhV.png","Argument 2"
"3PA41K45VN4RNC0748606IKQHCSP79","3VQ3WJ3HVNW2HKT9PBNM1J8FIWXMIU","Select the most convincing argument","Categorize the given content based on the provided criteria","text, classification","$0.30","Mon Nov 20 10:18:25 PST 2023","5","BatchId:5158906;OriginalHitTemplateId:928390873;","1200","259200","Thu Nov 23 10:18:25 PST 2023","","","3TE22NPXPBCB2GUZUSL7PSK5RZD44S","A2TBXASXZIRNNW","Submitted","Mon Nov 20 10:19:53 PST 2023","Mon Nov 20 10:25:10 PST 2023","Thu Nov 23 10:25:10 PST 2023","","","","317","100% (22/22)","100% (22/22)","100% (22/22)","knowledge","identity","https://i.imgur.com/x0JaIIV.png","https://i.imgur.com/dB8E0VA.png","Argument 1"
"3PA41K45VN4RNC0748606IKQHCSP79","3VQ3WJ3HVNW2HKT9PBNM1J8FIWXMIU","Select the most convincing argument","Categorize the given content based on the provided criteria","text, classification","$0.30","Mon Nov 20 10:18:25 PST 2023","5","BatchId:5158906;OriginalHitTemplateId:928390873;","1200","259200","Thu Nov 23 10:18:25 PST 2023","","","304SM51WA34EP0HJZ8RCV96HF7XBSC","A14W0AXTJ3R19V","Submitted","Mon Nov 20 10:19:57 PST 2023","Mon Nov 20 10:26:07 PST 2023","Thu Nov 23 10:26:07 PST 2023","","","","370","0% (0/0)","0% (0/0)","0% (0/0)","knowledge","identity","https://i.imgur.com/x0JaIIV.png","https://i.imgur.com/dB8E0VA.png","Argument 1"
"3PA41K45VN4RNC0748606IKQHCSP79","3VQ3WJ3HVNW2HKT9PBNM1J8FIWXMIU","Select the most convincing argument","Categorize the given content based on the provided criteria","text, classification","$0.30","Mon Nov 20 10:18:25 PST 2023","5","BatchId:5158906;OriginalHitTemplateId:928390873;","1200","259200","Thu Nov 23 10:18:25 PST 2023","","","3ZAK8W07I4ETKQ6DQXPNQTSM90KU0O","A3GK90X2QOFR53","Submitted","Mon Nov 20 10:19:04 PST 2023","Mon Nov 20 10:27:13 PST 2023","Thu Nov 23 10:27:13 PST 2023","","","","489","0% (0/0)","0% (0/0)","0% (0/0)","knowledge","identity","https://i.imgur.com/x0JaIIV.png","https://i.imgur.com/dB8E0VA.png","Argument 1"
"3PA41K45VN4RNC0748606IKQHCSP79","3VQ3WJ3HVNW2HKT9PBNM1J8FIWXMIU","Select the most convincing argument","Categorize the given content based on the provided criteria","text, classification","$0.30","Mon Nov 20 10:18:25 PST 2023","5","BatchId:5158906;OriginalHitTemplateId:928390873;","1200","259200","Thu Nov 23 10:18:25 PST 2023","","","3YW4XOSQKQLTRFRVMGTN4YBWESQU1R","A3HAPMZV7CYDY8","Submitted","Mon Nov 20 10:19:07 PST 2023","Mon Nov 20 10:28:17 PST 2023","Thu Nov 23 10:28:17 PST 2023","","","","550","0% (0/0)","0% (0/0)","0% (0/0)","knowledge","identity","https://i.imgur.com/x0JaIIV.png","https://i.imgur.com/dB8E0VA.png","Argument 1"
"3PA41K45VN4RNC0748606IKQHCSP79","3VQ3WJ3HVNW2HKT9PBNM1J8FIWXMIU","Select the most convincing argument","Categorize the given content based on the provided criteria","text, classification","$0.30","Mon Nov 20 10:18:25 PST 2023","5","BatchId:5158906;OriginalHitTemplateId:928390873;","1200","259200","Thu Nov 23 10:18:25 PST 2023","","","33F859I566DPZR33OEFDRVZF6WGHBX","A38DC3BG1ZCVZ2","Submitted","Mon Nov 20 10:21:45 PST 2023","Mon Nov 20 10:41:09 PST 2023","Thu Nov 23 10:41:09 PST 2023","","","","1164","0% (0/0)","0% (0/0)","0% (0/0)","knowledge","identity","https://i.imgur.com/x0JaIIV.png","https://i.imgur.com/dB8E0VA.png","Argument 1"
"3ATYLI1PRT22M7P8QHIIK8K9Y2WJOT","3VQ3WJ3HVNW2HKT9PBNM1J8FIWXMIU","Select the most convincing argument","Categorize the given content based on the provided criteria","text, classification","$0.30","Mon Nov 20 10:18:25 PST 2023","5","BatchId:5158906;OriginalHitTemplateId:928390873;","1200","259200","Thu Nov 23 10:18:25 PST 2023","","","3Z4XG4ZF48R3JJ5BQ6DP3FX8MGE8XI","A9K0CV70JWG1W","Submitted","Mon Nov 20 10:19:09 PST 2023","Mon Nov 20 10:20:37 PST 2023","Thu Nov 23 10:20:37 PST 2023","","","","88","0% (0/0)","0% (0/0)","0% (0/0)","support","conflict","https://i.imgur.com/YuNbEtK.png","https://i.imgur.com/2LUNErA.png","Argument 2"
"3ATYLI1PRT22M7P8QHIIK8K9Y2WJOT","3VQ3WJ3HVNW2HKT9PBNM1J8FIWXMIU","Select the most convincing argument","Categorize the given content based on the provided criteria","text, classification","$0.30","Mon Nov 20 10:18:25 PST 2023","5","BatchId:5158906;OriginalHitTemplateId:928390873;","1200","259200","Thu Nov 23 10:18:25 PST 2023","","","384PI804XS1D5DE91SUNBSAYO300SF","A3GK90X2QOFR53","Submitted","Mon Nov 20 10:18:50 PST 2023","Mon Nov 20 10:20:29 PST 2023","Thu Nov 23 10:20:29 PST 2023","","","","99","0% (0/0)","0% (0/0)","0% (0/0)","support","conflict","https://i.imgur.com/YuNbEtK.png","https://i.imgur.com/2LUNErA.png","Argument 2"
"3ATYLI1PRT22M7P8QHIIK8K9Y2WJOT","3VQ3WJ3HVNW2HKT9PBNM1J8FIWXMIU","Select the most convincing argument","Categorize the given content based on the provided criteria","text, classification","$0.30","Mon Nov 20 10:18:25 PST 2023","5","BatchId:5158906;OriginalHitTemplateId:928390873;","1200","259200","Thu Nov 23 10:18:25 PST 2023","","","3RSDURM96AM9SP5C85LRE303ZP5YEC","A38DC3BG1ZCVZ2","Submitted","Mon Nov 20 10:19:22 PST 2023","Mon Nov 20 10:25:18 PST 2023","Thu Nov 23 10:25:18 PST 2023","","","","356","0% (0/0)","0% (0/0)","0% (0/0)","support","conflict","https://i.imgur.com/YuNbEtK.png","https://i.imgur.com/2LUNErA.png","Argument 1"
"3ATYLI1PRT22M7P8QHIIK8K9Y2WJOT","3VQ3WJ3HVNW2HKT9PBNM1J8FIWXMIU","Select the most convincing argument","Categorize the given content based on the provided criteria","text, classification","$0.30","Mon Nov 20 10:18:25 PST 2023","5","BatchId:5158906;OriginalHitTemplateId:928390873;","1200","259200","Thu Nov 23 10:18:25 PST 2023","","","3B1NLC6UGZWD3P92NDFW1FS380HPGQ","A2TBXASXZIRNNW","Submitted","Mon Nov 20 10:19:55 PST 2023","Mon Nov 20 10:25:19 PST 2023","Thu Nov 23 10:25:19 PST 2023","","","","324","100% (22/22)","100% (22/22)","100% (22/22)","support","conflict","https://i.imgur.com/YuNbEtK.png","https://i.imgur.com/2LUNErA.png","Argument 2"
"3ATYLI1PRT22M7P8QHIIK8K9Y2WJOT","3VQ3WJ3HVNW2HKT9PBNM1J8FIWXMIU","Select the most convincing argument","Categorize the given content based on the provided criteria","text, classification","$0.30","Mon Nov 20 10:18:25 PST 2023","5","BatchId:5158906;OriginalHitTemplateId:928390873;","1200","259200","Thu Nov 23 10:18:25 PST 2023","","","38BQUHLA9W0VAZTNJG0CPK7AUHXMOE","A3HAPMZV7CYDY8","Submitted","Mon Nov 20 10:18:52 PST 2023","Mon Nov 20 10:27:36 PST 2023","Thu Nov 23 10:27:36 PST 2023","","","","524","0% (0/0)","0% (0/0)","0% (0/0)","support","conflict","https://i.imgur.com/YuNbEtK.png","https://i.imgur.com/2LUNErA.png","Argument 2"
"3Y3N5A7N4G94HTZVZ1482RASG6QYMN","3VQ3WJ3HVNW2HKT9PBNM1J8FIWXMIU","Select the most convincing argument","Categorize the given content based on the provided criteria","text, classification","$0.30","Mon Nov 20 10:18:25 PST 2023","5","BatchId:5158906;OriginalHitTemplateId:928390873;","1200","259200","Thu Nov 23 10:18:25 PST 2023","","","3TAYZSBPLL8K1NHNGFY1UG3DL1JS2Q","A2TBXASXZIRNNW","Submitted","Mon Nov 20 10:19:31 PST 2023","Mon Nov 20 10:24:44 PST 2023","Thu Nov 23 10:24:44 PST 2023","","","","313","100% (22/22)","100% (22/22)","100% (22/22)","support","trust","https://i.imgur.com/9OiyqIQ.png","https://i.imgur.com/heqEQUs.png","Argument 1"
"3Y3N5A7N4G94HTZVZ1482RASG6QYMN","3VQ3WJ3HVNW2HKT9PBNM1J8FIWXMIU","Select the most convincing argument","Categorize the given content based on the provided criteria","text, classification","$0.30","Mon Nov 20 10:18:25 PST 2023","5","BatchId:5158906;OriginalHitTemplateId:928390873;","1200","259200","Thu Nov 23 10:18:25 PST 2023","","","3WYP994K17R5FACX2N2T2F8QIRHY6R","A3GK90X2QOFR53","Submitted","Mon Nov 20 10:19:02 PST 2023","Mon Nov 20 10:26:06 PST 2023","Thu Nov 23 10:26:06 PST 2023","","","","424","0% (0/0)","0% (0/0)","0% (0/0)","support","trust","https://i.imgur.com/9OiyqIQ.png","https://i.imgur.com/heqEQUs.png","Argument 1"
"3Y3N5A7N4G94HTZVZ1482RASG6QYMN","3VQ3WJ3HVNW2HKT9PBNM1J8FIWXMIU","Select the most convincing argument","Categorize the given content based on the provided criteria","text, classification","$0.30","Mon Nov 20 10:18:25 PST 2023","5","BatchId:5158906;OriginalHitTemplateId:928390873;","1200","259200","Thu Nov 23 10:18:25 PST 2023","","","3CFVK00FWLLLFB5YJ8D3876U9CE6L8","A38DC3BG1ZCVZ2","Submitted","Mon Nov 20 10:19:59 PST 2023","Mon Nov 20 10:27:36 PST 2023","Thu Nov 23 10:27:36 PST 2023","","","","457","0% (0/0)","0% (0/0)","0% (0/0)","support","trust","https://i.imgur.com/9OiyqIQ.png","https://i.imgur.com/heqEQUs.png","Argument 1"
"3Y3N5A7N4G94HTZVZ1482RASG6QYMN","3VQ3WJ3HVNW2HKT9PBNM1J8FIWXMIU","Select the most convincing argument","Categorize the given content based on the provided criteria","text, classification","$0.30","Mon Nov 20 10:18:25 PST 2023","5","BatchId:5158906;OriginalHitTemplateId:928390873;","1200","259200","Thu Nov 23 10:18:25 PST 2023","","","3AMYWKA6YBMTLW8VW0TV0OAO4HJ6OP","A14W0AXTJ3R19V","Submitted","Mon Nov 20 10:20:08 PST 2023","Mon Nov 20 10:28:18 PST 2023","Thu Nov 23 10:28:18 PST 2023","","","","490","0% (0/0)","0% (0/0)","0% (0/0)","support","trust","https://i.imgur.com/9OiyqIQ.png","https://i.imgur.com/heqEQUs.png","Argument 1"
"3Y3N5A7N4G94HTZVZ1482RASG6QYMN","3VQ3WJ3HVNW2HKT9PBNM1J8FIWXMIU","Select the most convincing argument","Categorize the given content based on the provided criteria","text, classification","$0.30","Mon Nov 20 10:18:25 PST 2023","5","BatchId:5158906;OriginalHitTemplateId:928390873;","1200","259200","Thu Nov 23 10:18:25 PST 2023","","","35DR22AR5DKHIMZ5EPITCYPX6UM3XL","A9K0CV70JWG1W","Submitted","Mon Nov 20 10:19:37 PST 2023","Mon Nov 20 10:28:24 PST 2023","Thu Nov 23 10:28:24 PST 2023","","","","527","0% (0/0)","0% (0/0)","0% (0/0)","support","trust","https://i.imgur.com/9OiyqIQ.png","https://i.imgur.com/heqEQUs.png","Argument 1"
"32W3UF2EZOLBA09KX5MNJ619RRNC4Y","3VQ3WJ3HVNW2HKT9PBNM1J8FIWXMIU","Select the most convincing argument","Categorize the given content based on the provided criteria","text, classification","$0.30","Mon Nov 20 10:18:25 PST 2023","5","BatchId:5158906;OriginalHitTemplateId:928390873;","1200","259200","Thu Nov 23 10:18:25 PST 2023","","","39L1G8WVWQR9SLEC7WXMHPLW1F713R","A14W0AXTJ3R19V","Submitted","Mon Nov 20 10:19:17 PST 2023","Mon Nov 20 10:22:21 PST 2023","Thu Nov 23 10:22:21 PST 2023","","","","184","0% (0/0)","0% (0/0)","0% (0/0)","baseline","fun","https://i.imgur.com/wPnT3SJ.png","https://i.imgur.com/QyhOXJL.png","Argument 1"
"32W3UF2EZOLBA09KX5MNJ619RRNC4Y","3VQ3WJ3HVNW2HKT9PBNM1J8FIWXMIU","Select the most convincing argument","Categorize the given content based on the provided criteria","text, classification","$0.30","Mon Nov 20 10:18:25 PST 2023","5","BatchId:5158906;OriginalHitTemplateId:928390873;","1200","259200","Thu Nov 23 10:18:25 PST 2023","","","30OG32W0SUBFGQ1Y13CGXN2WV52EN3","A2Q1YS118AO2BP","Submitted","Mon Nov 20 10:20:21 PST 2023","Mon Nov 20 10:24:33 PST 2023","Thu Nov 23 10:24:33 PST 2023","","","","252","0% (0/0)","0% (0/0)","0% (0/0)","baseline","fun","https://i.imgur.com/wPnT3SJ.png","https://i.imgur.com/QyhOXJL.png","Argument 1"
"32W3UF2EZOLBA09KX5MNJ619RRNC4Y","3VQ3WJ3HVNW2HKT9PBNM1J8FIWXMIU","Select the most convincing argument","Categorize the given content based on the provided criteria","text, classification","$0.30","Mon Nov 20 10:18:25 PST 2023","5","BatchId:5158906;OriginalHitTemplateId:928390873;","1200","259200","Thu Nov 23 10:18:25 PST 2023","","","3DZQRBDBSLF9M5D6KFC6DQ85RFJS31","A2TBXASXZIRNNW","Submitted","Mon Nov 20 10:19:33 PST 2023","Mon Nov 20 10:24:50 PST 2023","Thu Nov 23 10:24:50 PST 2023","","","","317","100% (22/22)","100% (22/22)","100% (22/22)","baseline","fun","https://i.imgur.com/wPnT3SJ.png","https://i.imgur.com/QyhOXJL.png","Argument 1"
"32W3UF2EZOLBA09KX5MNJ619RRNC4Y","3VQ3WJ3HVNW2HKT9PBNM1J8FIWXMIU","Select the most convincing argument","Categorize the given content based on the provided criteria","text, classification","$0.30","Mon Nov 20 10:18:25 PST 2023","5","BatchId:5158906;OriginalHitTemplateId:928390873;","1200","259200","Thu Nov 23 10:18:25 PST 2023","","","3ZSY5X72NXBM7F6FOOWTBJ1K04WRO7","A3GK90X2QOFR53","Submitted","Mon Nov 20 10:18:54 PST 2023","Mon Nov 20 10:25:50 PST 2023","Thu Nov 23 10:25:50 PST 2023","","","","416","0% (0/0)","0% (0/0)","0% (0/0)","baseline","fun","https://i.imgur.com/wPnT3SJ.png","https://i.imgur.com/QyhOXJL.png","Argument 1"
"32W3UF2EZOLBA09KX5MNJ619RRNC4Y","3VQ3WJ3HVNW2HKT9PBNM1J8FIWXMIU","Select the most convincing argument","Categorize the given content based on the provided criteria","text, classification","$0.30","Mon Nov 20 10:18:25 PST 2023","5","BatchId:5158906;OriginalHitTemplateId:928390873;","1200","259200","Thu Nov 23 10:18:25 PST 2023","","","38YMOXR4MUZ1Q5HXNMK5HINA7JHW6Q","A3HAPMZV7CYDY8","Submitted","Mon Nov 20 10:19:00 PST 2023","Mon Nov 20 10:28:00 PST 2023","Thu Nov 23 10:28:00 PST 2023","","","","540","0% (0/0)","0% (0/0)","0% (0/0)","baseline","fun","https://i.imgur.com/wPnT3SJ.png","https://i.imgur.com/QyhOXJL.png","Argument 2"
"3UOMW19E6D6T6JDKBA5XOY7NRNIC53","3VQ3WJ3HVNW2HKT9PBNM1J8FIWXMIU","Select the most convincing argument","Categorize the given content based on the provided criteria","text, classification","$0.30","Mon Nov 20 10:18:25 PST 2023","5","BatchId:5158906;OriginalHitTemplateId:928390873;","1200","259200","Thu Nov 23 10:18:25 PST 2023","","","3YWRV122CSZB2FBGL122J8Y4SYWU8B","A24LUXW1DB1QI5","Submitted","Mon Nov 20 10:19:16 PST 2023","Mon Nov 20 10:20:21 PST 2023","Thu Nov 23 10:20:21 PST 2023","","","","65","0% (0/0)","0% (0/0)","0% (0/0)","baseline","fake1","https://i.imgur.com/pqlaJCV.png","https://i.imgur.com/HSOKq2h.png","Argument 1"
"3UOMW19E6D6T6JDKBA5XOY7NRNIC53","3VQ3WJ3HVNW2HKT9PBNM1J8FIWXMIU","Select the most convincing argument","Categorize the given content based on the provided criteria","text, classification","$0.30","Mon Nov 20 10:18:25 PST 2023","5","BatchId:5158906;OriginalHitTemplateId:928390873;","1200","259200","Thu Nov 23 10:18:25 PST 2023","","","3NG53N1RLVJYAA3K4F3892B5KH4P8A","A9K0CV70JWG1W","Submitted","Mon Nov 20 10:19:31 PST 2023","Mon Nov 20 10:27:46 PST 2023","Thu Nov 23 10:27:46 PST 2023","","","","495","0% (0/0)","0% (0/0)","0% (0/0)","baseline","fake1","https://i.imgur.com/pqlaJCV.png","https://i.imgur.com/HSOKq2h.png","Argument 1"
"3UOMW19E6D6T6JDKBA5XOY7NRNIC53","3VQ3WJ3HVNW2HKT9PBNM1J8FIWXMIU","Select the most convincing argument","Categorize the given content based on the provided criteria","text, classification","$0.30","Mon Nov 20 10:18:25 PST 2023","5","BatchId:5158906;OriginalHitTemplateId:928390873;","1200","259200","Thu Nov 23 10:18:25 PST 2023","","","3R08VXYT7CVKU5V26WPXNWN62U1W7P","A3HAPMZV7CYDY8","Submitted","Mon Nov 20 10:19:02 PST 2023","Mon Nov 20 10:28:14 PST 2023","Thu Nov 23 10:28:14 PST 2023","","","","552","0% (0/0)","0% (0/0)","0% (0/0)","baseline","fake1","https://i.imgur.com/pqlaJCV.png","https://i.imgur.com/HSOKq2h.png","Argument 2"
"3UOMW19E6D6T6JDKBA5XOY7NRNIC53","3VQ3WJ3HVNW2HKT9PBNM1J8FIWXMIU","Select the most convincing argument","Categorize the given content based on the provided criteria","text, classification","$0.30","Mon Nov 20 10:18:25 PST 2023","5","BatchId:5158906;OriginalHitTemplateId:928390873;","1200","259200","Thu Nov 23 10:18:25 PST 2023","","","37C0GNLMHF32HZH66RFFPUYP03C6DS","A3GK90X2QOFR53","Submitted","Mon Nov 20 10:19:15 PST 2023","Mon Nov 20 10:33:06 PST 2023","Thu Nov 23 10:33:06 PST 2023","","","","831","0% (0/0)","0% (0/0)","0% (0/0)","baseline","fake1","https://i.imgur.com/pqlaJCV.png","https://i.imgur.com/HSOKq2h.png","Argument 1"
"3UOMW19E6D6T6JDKBA5XOY7NRNIC53","3VQ3WJ3HVNW2HKT9PBNM1J8FIWXMIU","Select the most convincing argument","Categorize the given content based on the provided criteria","text, classification","$0.30","Mon Nov 20 10:18:25 PST 2023","5","BatchId:5158906;OriginalHitTemplateId:928390873;","1200","259200","Thu Nov 23 10:18:25 PST 2023","","","340UGXU9DY19DR7TTUDCBMIC3WXUVG","A38DC3BG1ZCVZ2","Submitted","Mon Nov 20 10:21:20 PST 2023","Mon Nov 20 10:39:21 PST 2023","Thu Nov 23 10:39:21 PST 2023","","","","1081","0% (0/0)","0% (0/0)","0% (0/0)","baseline","fake1","https://i.imgur.com/pqlaJCV.png","https://i.imgur.com/HSOKq2h.png","Argument 1"
"3FULMHZ7OUXOJMLBAUG1M26LL5RM4Q","3VQ3WJ3HVNW2HKT9PBNM1J8FIWXMIU","Select the most convincing argument","Categorize the given content based on the provided criteria","text, classification","$0.30","Mon Nov 20 10:18:25 PST 2023","5","BatchId:5158906;OriginalHitTemplateId:928390873;","1200","259200","Thu Nov 23 10:18:25 PST 2023","","","3BV8HQ2ZZW14JSEUMHODZTQJF0F6AQ","A14W0AXTJ3R19V","Submitted","Mon Nov 20 10:19:13 PST 2023","Mon Nov 20 10:22:10 PST 2023","Thu Nov 23 10:22:10 PST 2023","","","","177","0% (0/0)","0% (0/0)","0% (0/0)","support","fun","https://i.imgur.com/fKLwREK.png","https://i.imgur.com/o11ONjP.png","Argument 1"
"3FULMHZ7OUXOJMLBAUG1M26LL5RM4Q","3VQ3WJ3HVNW2HKT9PBNM1J8FIWXMIU","Select the most convincing argument","Categorize the given content based on the provided criteria","text, classification","$0.30","Mon Nov 20 10:18:25 PST 2023","5","BatchId:5158906;OriginalHitTemplateId:928390873;","1200","259200","Thu Nov 23 10:18:25 PST 2023","","","3IRIK4HM3AKSC7BS6VK45OG7F306CS","A2TBXASXZIRNNW","Submitted","Mon Nov 20 10:19:15 PST 2023","Mon Nov 20 10:22:54 PST 2023","Thu Nov 23 10:22:54 PST 2023","","","","219","100% (22/22)","100% (22/22)","100% (22/22)","support","fun","https://i.imgur.com/fKLwREK.png","https://i.imgur.com/o11ONjP.png","Argument 1"
"3FULMHZ7OUXOJMLBAUG1M26LL5RM4Q","3VQ3WJ3HVNW2HKT9PBNM1J8FIWXMIU","Select the most convincing argument","Categorize the given content based on the provided criteria","text, classification","$0.30","Mon Nov 20 10:18:25 PST 2023","5","BatchId:5158906;OriginalHitTemplateId:928390873;","1200","259200","Thu Nov 23 10:18:25 PST 2023","","","3IQ1VMJRYTKR1BGSKORPJ3HL51N9A4","A38DC3BG1ZCVZ2","Submitted","Mon Nov 20 10:19:29 PST 2023","Mon Nov 20 10:26:25 PST 2023","Thu Nov 23 10:26:25 PST 2023","","","","416","0% (0/0)","0% (0/0)","0% (0/0)","support","fun","https://i.imgur.com/fKLwREK.png","https://i.imgur.com/o11ONjP.png","Argument 1"
"3FULMHZ7OUXOJMLBAUG1M26LL5RM4Q","3VQ3WJ3HVNW2HKT9PBNM1J8FIWXMIU","Select the most convincing argument","Categorize the given content based on the provided criteria","text, classification","$0.30","Mon Nov 20 10:18:25 PST 2023","5","BatchId:5158906;OriginalHitTemplateId:928390873;","1200","259200","Thu Nov 23 10:18:25 PST 2023","","","3M81GAB8A0J2CK26742709RGXJCBQN","A9K0CV70JWG1W","Submitted","Mon Nov 20 10:19:40 PST 2023","Mon Nov 20 10:28:36 PST 2023","Thu Nov 23 10:28:36 PST 2023","","","","536","0% (0/0)","0% (0/0)","0% (0/0)","support","fun","https://i.imgur.com/fKLwREK.png","https://i.imgur.com/o11ONjP.png","Argument 1"
"3FULMHZ7OUXOJMLBAUG1M26LL5RM4Q","3VQ3WJ3HVNW2HKT9PBNM1J8FIWXMIU","Select the most convincing argument","Categorize the given content based on the provided criteria","text, classification","$0.30","Mon Nov 20 10:18:25 PST 2023","5","BatchId:5158906;OriginalHitTemplateId:928390873;","1200","259200","Thu Nov 23 10:18:25 PST 2023","","","3PS7W85Z8Z2WG7F1QOI6E87DTQ89TP","A3GK90X2QOFR53","Submitted","Mon Nov 20 10:20:21 PST 2023","Mon Nov 20 10:33:50 PST 2023","Thu Nov 23 10:33:50 PST 2023","","","","809","0% (0/0)","0% (0/0)","0% (0/0)","support","fun","https://i.imgur.com/fKLwREK.png","https://i.imgur.com/o11ONjP.png","Argument 1"
"3M7OI89LVYOPPNDYGTF2G4LNNITC6J","3VQ3WJ3HVNW2HKT9PBNM1J8FIWXMIU","Select the most convincing argument","Categorize the given content based on the provided criteria","text, classification","$0.30","Mon Nov 20 10:18:26 PST 2023","5","BatchId:5158906;OriginalHitTemplateId:928390873;","1200","259200","Thu Nov 23 10:18:26 PST 2023","","","3OS4RQUCR9F5LVCXTORDOAN2QH2BFS","ABY1RK8H6HC8C","Submitted","Mon Nov 20 10:19:16 PST 2023","Mon Nov 20 10:20:36 PST 2023","Thu Nov 23 10:20:36 PST 2023","","","","80","0% (0/0)","0% (0/0)","0% (0/0)","baseline","conflict","https://i.imgur.com/nEn3oMP.png","https://i.imgur.com/ivGkfTW.png","Argument 1"
"3M7OI89LVYOPPNDYGTF2G4LNNITC6J","3VQ3WJ3HVNW2HKT9PBNM1J8FIWXMIU","Select the most convincing argument","Categorize the given content based on the provided criteria","text, classification","$0.30","Mon Nov 20 10:18:26 PST 2023","5","BatchId:5158906;OriginalHitTemplateId:928390873;","1200","259200","Thu Nov 23 10:18:26 PST 2023","","","33CKWXB73JKDII0XKSJ3TW6Z3VT11Z","A2TBXASXZIRNNW","Submitted","Mon Nov 20 10:19:13 PST 2023","Mon Nov 20 10:22:24 PST 2023","Thu Nov 23 10:22:24 PST 2023","","","","191","100% (22/22)","100% (22/22)","100% (22/22)","baseline","conflict","https://i.imgur.com/nEn3oMP.png","https://i.imgur.com/ivGkfTW.png","Argument 1"
"3M7OI89LVYOPPNDYGTF2G4LNNITC6J","3VQ3WJ3HVNW2HKT9PBNM1J8FIWXMIU","Select the most convincing argument","Categorize the given content based on the provided criteria","text, classification","$0.30","Mon Nov 20 10:18:26 PST 2023","5","BatchId:5158906;OriginalHitTemplateId:928390873;","1200","259200","Thu Nov 23 10:18:26 PST 2023","","","3W2LOLRXLBF3HOL0QW4042KBGZMRKN","A2YO837C0O1E91","Submitted","Mon Nov 20 10:18:36 PST 2023","Mon Nov 20 10:23:50 PST 2023","Thu Nov 23 10:23:50 PST 2023","","","","314","0% (0/0)","0% (0/0)","0% (0/0)","baseline","conflict","https://i.imgur.com/nEn3oMP.png","https://i.imgur.com/ivGkfTW.png","Argument 1"
"3M7OI89LVYOPPNDYGTF2G4LNNITC6J","3VQ3WJ3HVNW2HKT9PBNM1J8FIWXMIU","Select the most convincing argument","Categorize the given content based on the provided criteria","text, classification","$0.30","Mon Nov 20 10:18:26 PST 2023","5","BatchId:5158906;OriginalHitTemplateId:928390873;","1200","259200","Thu Nov 23 10:18:26 PST 2023","","","3RWE2M8QWHAGP0M4TWD1CY0S14S0N3","A87D3K9YVKTQ7","Submitted","Mon Nov 20 10:18:36 PST 2023","Mon Nov 20 10:24:45 PST 2023","Thu Nov 23 10:24:45 PST 2023","","","","369","100% (1/1)","100% (1/1)","100% (1/1)","baseline","conflict","https://i.imgur.com/nEn3oMP.png","https://i.imgur.com/ivGkfTW.png","Argument 1"
"3M7OI89LVYOPPNDYGTF2G4LNNITC6J","3VQ3WJ3HVNW2HKT9PBNM1J8FIWXMIU","Select the most convincing argument","Categorize the given content based on the provided criteria","text, classification","$0.30","Mon Nov 20 10:18:26 PST 2023","5","BatchId:5158906;OriginalHitTemplateId:928390873;","1200","259200","Thu Nov 23 10:18:26 PST 2023","","","3JAOYWH7VI48XU7WHFGFSHXWZDM9LM","A38DC3BG1ZCVZ2","Submitted","Mon Nov 20 10:20:07 PST 2023","Mon Nov 20 10:32:20 PST 2023","Thu Nov 23 10:32:20 PST 2023","","","","733","0% (0/0)","0% (0/0)","0% (0/0)","baseline","conflict","https://i.imgur.com/nEn3oMP.png","https://i.imgur.com/ivGkfTW.png","Argument 1"
"31HLTCK4BLVNLP84JNJTINM123CGVO","3VQ3WJ3HVNW2HKT9PBNM1J8FIWXMIU","Select the most convincing argument","Categorize the given content based on the provided criteria","text, classification","$0.30","Mon Nov 20 10:18:26 PST 2023","5","BatchId:5158906;OriginalHitTemplateId:928390873;","1200","259200","Thu Nov 23 10:18:26 PST 2023","","","3A0EX8ZRN8OBLMTSYEJ1DVUIWSSYBC","A2TBXASXZIRNNW","Submitted","Mon Nov 20 10:19:15 PST 2023","Mon Nov 20 10:22:44 PST 2023","Thu Nov 23 10:22:44 PST 2023","","","","209","100% (22/22)","100% (22/22)","100% (22/22)","support","similarity","https://i.imgur.com/058RwOe.png","https://i.imgur.com/VyW7NN0.png","Argument 2"
"31HLTCK4BLVNLP84JNJTINM123CGVO","3VQ3WJ3HVNW2HKT9PBNM1J8FIWXMIU","Select the most convincing argument","Categorize the given content based on the provided criteria","text, classification","$0.30","Mon Nov 20 10:18:26 PST 2023","5","BatchId:5158906;OriginalHitTemplateId:928390873;","1200","259200","Thu Nov 23 10:18:26 PST 2023","","","3U088ZLJVKT6CUVILX4O8HDJUGW0WU","A3HAPMZV7CYDY8","Submitted","Mon Nov 20 10:18:55 PST 2023","Mon Nov 20 10:27:48 PST 2023","Thu Nov 23 10:27:48 PST 2023","","","","533","0% (0/0)","0% (0/0)","0% (0/0)","support","similarity","https://i.imgur.com/058RwOe.png","https://i.imgur.com/VyW7NN0.png","Argument 2"
"31HLTCK4BLVNLP84JNJTINM123CGVO","3VQ3WJ3HVNW2HKT9PBNM1J8FIWXMIU","Select the most convincing argument","Categorize the given content based on the provided criteria","text, classification","$0.30","Mon Nov 20 10:18:26 PST 2023","5","BatchId:5158906;OriginalHitTemplateId:928390873;","1200","259200","Thu Nov 23 10:18:26 PST 2023","","","3KKG4CDWKIYCZM0BBNHY60VLDRR49O","A14W0AXTJ3R19V","Submitted","Mon Nov 20 10:21:03 PST 2023","Mon Nov 20 10:28:47 PST 2023","Thu Nov 23 10:28:47 PST 2023","","","","464","0% (0/0)","0% (0/0)","0% (0/0)","support","similarity","https://i.imgur.com/058RwOe.png","https://i.imgur.com/VyW7NN0.png","Argument 1"
"31HLTCK4BLVNLP84JNJTINM123CGVO","3VQ3WJ3HVNW2HKT9PBNM1J8FIWXMIU","Select the most convincing argument","Categorize the given content based on the provided criteria","text, classification","$0.30","Mon Nov 20 10:18:26 PST 2023","5","BatchId:5158906;OriginalHitTemplateId:928390873;","1200","259200","Thu Nov 23 10:18:26 PST 2023","","","3M23Y66PO278JO0O3HA4KTKP16M6SM","AKSJ3C5O3V9RB","Submitted","Mon Nov 20 10:20:48 PST 2023","Mon Nov 20 10:31:31 PST 2023","Thu Nov 23 10:31:31 PST 2023","","","","643","100% (20/20)","100% (20/20)","100% (20/20)","support","similarity","https://i.imgur.com/058RwOe.png","https://i.imgur.com/VyW7NN0.png","Argument 1"
"31HLTCK4BLVNLP84JNJTINM123CGVO","3VQ3WJ3HVNW2HKT9PBNM1J8FIWXMIU","Select the most convincing argument","Categorize the given content based on the provided criteria","text, classification","$0.30","Mon Nov 20 10:18:26 PST 2023","5","BatchId:5158906;OriginalHitTemplateId:928390873;","1200","259200","Thu Nov 23 10:18:26 PST 2023","","","37TRT2X24QRLQXYTCEIY38FUJOJBJV","A3GK90X2QOFR53","Submitted","Mon Nov 20 10:19:08 PST 2023","Mon Nov 20 10:32:30 PST 2023","Thu Nov 23 10:32:30 PST 2023","","","","802","0% (0/0)","0% (0/0)","0% (0/0)","support","similarity","https://i.imgur.com/058RwOe.png","https://i.imgur.com/VyW7NN0.png","Argument 1"
"388FBO7JZRTAZBKVB2J8F6ZSLW0YNN","3VQ3WJ3HVNW2HKT9PBNM1J8FIWXMIU","Select the most convincing argument","Categorize the given content based on the provided criteria","text, classification","$0.30","Mon Nov 20 10:18:26 PST 2023","5","BatchId:5158906;OriginalHitTemplateId:928390873;","1200","259200","Thu Nov 23 10:18:26 PST 2023","","","3KAKFY4PGU2KSRAAF3IS9O2IIHI3IL","A14W0AXTJ3R19V","Submitted","Mon Nov 20 10:19:03 PST 2023","Mon Nov 20 10:20:57 PST 2023","Thu Nov 23 10:20:57 PST 2023","","","","114","0% (0/0)","0% (0/0)","0% (0/0)","baseline","fake2","https://i.imgur.com/wPnT3SJ.png","https://i.imgur.com/HbXZtEz.png","Argument 2"
"388FBO7JZRTAZBKVB2J8F6ZSLW0YNN","3VQ3WJ3HVNW2HKT9PBNM1J8FIWXMIU","Select the most convincing argument","Categorize the given content based on the provided criteria","text, classification","$0.30","Mon Nov 20 10:18:26 PST 2023","5","BatchId:5158906;OriginalHitTemplateId:928390873;","1200","259200","Thu Nov 23 10:18:26 PST 2023","","","3A4NIXBJ76ZN4EQQ6OKKX33GZCSMLX","A3GK90X2QOFR53","Submitted","Mon Nov 20 10:18:52 PST 2023","Mon Nov 20 10:20:58 PST 2023","Thu Nov 23 10:20:58 PST 2023","","","","126","0% (0/0)","0% (0/0)","0% (0/0)","baseline","fake2","https://i.imgur.com/wPnT3SJ.png","https://i.imgur.com/HbXZtEz.png","Argument 2"
"388FBO7JZRTAZBKVB2J8F6ZSLW0YNN","3VQ3WJ3HVNW2HKT9PBNM1J8FIWXMIU","Select the most convincing argument","Categorize the given content based on the provided criteria","text, classification","$0.30","Mon Nov 20 10:18:26 PST 2023","5","BatchId:5158906;OriginalHitTemplateId:928390873;","1200","259200","Thu Nov 23 10:18:26 PST 2023","","","3X4MXAO0BGOUCOFHFAN3SDE636VRWJ","A2TBXASXZIRNNW","Submitted","Mon Nov 20 10:19:16 PST 2023","Mon Nov 20 10:23:02 PST 2023","Thu Nov 23 10:23:02 PST 2023","","","","226","100% (22/22)","100% (22/22)","100% (22/22)","baseline","fake2","https://i.imgur.com/wPnT3SJ.png","https://i.imgur.com/HbXZtEz.png","Argument 2"
"388FBO7JZRTAZBKVB2J8F6ZSLW0YNN","3VQ3WJ3HVNW2HKT9PBNM1J8FIWXMIU","Select the most convincing argument","Categorize the given content based on the provided criteria","text, classification","$0.30","Mon Nov 20 10:18:26 PST 2023","5","BatchId:5158906;OriginalHitTemplateId:928390873;","1200","259200","Thu Nov 23 10:18:26 PST 2023","","","3TXD01ZLD4HAJEOE9YCP2WIZQC0U44","A38DC3BG1ZCVZ2","Submitted","Mon Nov 20 10:19:13 PST 2023","Mon Nov 20 10:23:20 PST 2023","Thu Nov 23 10:23:20 PST 2023","","","","247","0% (0/0)","0% (0/0)","0% (0/0)","baseline","fake2","https://i.imgur.com/wPnT3SJ.png","https://i.imgur.com/HbXZtEz.png","Argument 2"
"388FBO7JZRTAZBKVB2J8F6ZSLW0YNN","3VQ3WJ3HVNW2HKT9PBNM1J8FIWXMIU","Select the most convincing argument","Categorize the given content based on the provided criteria","text, classification","$0.30","Mon Nov 20 10:18:26 PST 2023","5","BatchId:5158906;OriginalHitTemplateId:928390873;","1200","259200","Thu Nov 23 10:18:26 PST 2023","","","3OUYGIZWR7YGSLYH9BQTGN5N1JSP0N","A3HAPMZV7CYDY8","Submitted","Mon Nov 20 10:19:09 PST 2023","Mon Nov 20 10:28:33 PST 2023","Thu Nov 23 10:28:33 PST 2023","","","","564","0% (0/0)","0% (0/0)","0% (0/0)","baseline","fake2","https://i.imgur.com/wPnT3SJ.png","https://i.imgur.com/HbXZtEz.png","Argument 1"
"32ZCLEW0BZKK77195HVX98PZ87SJPA","3VQ3WJ3HVNW2HKT9PBNM1J8FIWXMIU","Select the most convincing argument","Categorize the given content based on the provided criteria","text, classification","$0.30","Mon Nov 20 10:18:26 PST 2023","5","BatchId:5158906;OriginalHitTemplateId:928390873;","1200","259200","Thu Nov 23 10:18:26 PST 2023","","","3LYA37P8IQNG1H4BUZIA4NF7YDJBKU","A14W0AXTJ3R19V","Submitted","Mon Nov 20 10:19:09 PST 2023","Mon Nov 20 10:21:53 PST 2023","Thu Nov 23 10:21:53 PST 2023","","","","164","0% (0/0)","0% (0/0)","0% (0/0)","baseline","support","https://i.imgur.com/pqlaJCV.png","https://i.imgur.com/A54wnH8.png","Argument 2"
"32ZCLEW0BZKK77195HVX98PZ87SJPA","3VQ3WJ3HVNW2HKT9PBNM1J8FIWXMIU","Select the most convincing argument","Categorize the given content based on the provided criteria","text, classification","$0.30","Mon Nov 20 10:18:26 PST 2023","5","BatchId:5158906;OriginalHitTemplateId:928390873;","1200","259200","Thu Nov 23 10:18:26 PST 2023","","","32SCWG5HIH4B6WKWB06APOFEEMEP6O","A2TBXASXZIRNNW","Submitted","Mon Nov 20 10:19:24 PST 2023","Mon Nov 20 10:24:04 PST 2023","Thu Nov 23 10:24:04 PST 2023","","","","280","100% (22/22)","100% (22/22)","100% (22/22)","baseline","support","https://i.imgur.com/pqlaJCV.png","https://i.imgur.com/A54wnH8.png","Argument 2"
"32ZCLEW0BZKK77195HVX98PZ87SJPA","3VQ3WJ3HVNW2HKT9PBNM1J8FIWXMIU","Select the most convincing argument","Categorize the given content based on the provided criteria","text, classification","$0.30","Mon Nov 20 10:18:26 PST 2023","5","BatchId:5158906;OriginalHitTemplateId:928390873;","1200","259200","Thu Nov 23 10:18:26 PST 2023","","","3YZ8UPK3VTMDEI1T2DI7LUUNIPHUCH","A38DC3BG1ZCVZ2","Submitted","Mon Nov 20 10:19:25 PST 2023","Mon Nov 20 10:25:51 PST 2023","Thu Nov 23 10:25:51 PST 2023","","","","386","0% (0/0)","0% (0/0)","0% (0/0)","baseline","support","https://i.imgur.com/pqlaJCV.png","https://i.imgur.com/A54wnH8.png","Argument 1"
"32ZCLEW0BZKK77195HVX98PZ87SJPA","3VQ3WJ3HVNW2HKT9PBNM1J8FIWXMIU","Select the most convincing argument","Categorize the given content based on the provided criteria","text, classification","$0.30","Mon Nov 20 10:18:26 PST 2023","5","BatchId:5158906;OriginalHitTemplateId:928390873;","1200","259200","Thu Nov 23 10:18:26 PST 2023","","","3TVSS0C0E107S3S9JZSYSSFORRSTWY","A3HAPMZV7CYDY8","Submitted","Mon Nov 20 10:19:00 PST 2023","Mon Nov 20 10:28:03 PST 2023","Thu Nov 23 10:28:03 PST 2023","","","","543","0% (0/0)","0% (0/0)","0% (0/0)","baseline","support","https://i.imgur.com/pqlaJCV.png","https://i.imgur.com/A54wnH8.png","Argument 2"
"32ZCLEW0BZKK77195HVX98PZ87SJPA","3VQ3WJ3HVNW2HKT9PBNM1J8FIWXMIU","Select the most convincing argument","Categorize the given content based on the provided criteria","text, classification","$0.30","Mon Nov 20 10:18:26 PST 2023","5","BatchId:5158906;OriginalHitTemplateId:928390873;","1200","259200","Thu Nov 23 10:18:26 PST 2023","","","3RYC5T2D73T4SFIG3O980J6AA9SRPO","A3GK90X2QOFR53","Submitted","Mon Nov 20 10:19:06 PST 2023","Mon Nov 20 10:32:10 PST 2023","Thu Nov 23 10:32:10 PST 2023","","","","784","0% (0/0)","0% (0/0)","0% (0/0)","baseline","support","https://i.imgur.com/pqlaJCV.png","https://i.imgur.com/A54wnH8.png","Argument 1"
"3HEM8MA6H9C1TU5M07F6691LM2KQP8","3VQ3WJ3HVNW2HKT9PBNM1J8FIWXMIU","Select the most convincing argument","Categorize the given content based on the provided criteria","text, classification","$0.30","Mon Nov 20 10:18:26 PST 2023","5","BatchId:5158906;OriginalHitTemplateId:928390873;","1200","259200","Thu Nov 23 10:18:26 PST 2023","","","3IHR8NYAM71XR9GISCDVSQV0IV8P43","A9K0CV70JWG1W","Submitted","Mon Nov 20 10:19:21 PST 2023","Mon Nov 20 10:23:09 PST 2023","Thu Nov 23 10:23:09 PST 2023","","","","228","0% (0/0)","0% (0/0)","0% (0/0)","conflict","status","https://i.imgur.com/Ds2Hjsq.png","https://i.imgur.com/xT5L1PM.png","Argument 2"
"3HEM8MA6H9C1TU5M07F6691LM2KQP8","3VQ3WJ3HVNW2HKT9PBNM1J8FIWXMIU","Select the most convincing argument","Categorize the given content based on the provided criteria","text, classification","$0.30","Mon Nov 20 10:18:26 PST 2023","5","BatchId:5158906;OriginalHitTemplateId:928390873;","1200","259200","Thu Nov 23 10:18:26 PST 2023","","","3BQU611VFPKDWS6NSIDPN861ZJ599P","A2TBXASXZIRNNW","Submitted","Mon Nov 20 10:19:25 PST 2023","Mon Nov 20 10:24:12 PST 2023","Thu Nov 23 10:24:12 PST 2023","","","","287","100% (22/22)","100% (22/22)","100% (22/22)","conflict","status","https://i.imgur.com/Ds2Hjsq.png","https://i.imgur.com/xT5L1PM.png","Argument 2"
"3HEM8MA6H9C1TU5M07F6691LM2KQP8","3VQ3WJ3HVNW2HKT9PBNM1J8FIWXMIU","Select the most convincing argument","Categorize the given content based on the provided criteria","text, classification","$0.30","Mon Nov 20 10:18:26 PST 2023","5","BatchId:5158906;OriginalHitTemplateId:928390873;","1200","259200","Thu Nov 23 10:18:26 PST 2023","","","34PGFRQONOBDE0W475EUQMSFTP1JWJ","A3HAPMZV7CYDY8","Submitted","Mon Nov 20 10:18:51 PST 2023","Mon Nov 20 10:27:32 PST 2023","Thu Nov 23 10:27:32 PST 2023","","","","521","0% (0/0)","0% (0/0)","0% (0/0)","conflict","status","https://i.imgur.com/Ds2Hjsq.png","https://i.imgur.com/xT5L1PM.png","Argument 1"
"3HEM8MA6H9C1TU5M07F6691LM2KQP8","3VQ3WJ3HVNW2HKT9PBNM1J8FIWXMIU","Select the most convincing argument","Categorize the given content based on the provided criteria","text, classification","$0.30","Mon Nov 20 10:18:26 PST 2023","5","BatchId:5158906;OriginalHitTemplateId:928390873;","1200","259200","Thu Nov 23 10:18:26 PST 2023","","","3ZQIG0FLQEGM5VWYOUSDTA39OC8WVH","A14W0AXTJ3R19V","Submitted","Mon Nov 20 10:20:23 PST 2023","Mon Nov 20 10:28:33 PST 2023","Thu Nov 23 10:28:33 PST 2023","","","","490","0% (0/0)","0% (0/0)","0% (0/0)","conflict","status","https://i.imgur.com/Ds2Hjsq.png","https://i.imgur.com/xT5L1PM.png","Argument 2"
"3HEM8MA6H9C1TU5M07F6691LM2KQP8","3VQ3WJ3HVNW2HKT9PBNM1J8FIWXMIU","Select the most convincing argument","Categorize the given content based on the provided criteria","text, classification","$0.30","Mon Nov 20 10:18:26 PST 2023","5","BatchId:5158906;OriginalHitTemplateId:928390873;","1200","259200","Thu Nov 23 10:18:26 PST 2023","","","3VSOLARPKB9RHQH7B9CFWV3FZRV938","A3GK90X2QOFR53","Submitted","Mon Nov 20 10:19:19 PST 2023","Mon Nov 20 10:33:28 PST 2023","Thu Nov 23 10:33:28 PST 2023","","","","849","0% (0/0)","0% (0/0)","0% (0/0)","conflict","status","https://i.imgur.com/Ds2Hjsq.png","https://i.imgur.com/xT5L1PM.png","Argument 2"
"3LN3BXKGC0V00E899XOP4P5F9CEGWY","3VQ3WJ3HVNW2HKT9PBNM1J8FIWXMIU","Select the most convincing argument","Categorize the given content based on the provided criteria","text, classification","$0.30","Mon Nov 20 10:18:26 PST 2023","5","BatchId:5158906;OriginalHitTemplateId:928390873;","1200","259200","Thu Nov 23 10:18:26 PST 2023","","","3HPZF4IVNMTUVRLYCEFWOF00EDSYCJ","A2TBXASXZIRNNW","Submitted","Mon Nov 20 10:19:18 PST 2023","Mon Nov 20 10:23:19 PST 2023","Thu Nov 23 10:23:19 PST 2023","","","","241","100% (22/22)","100% (22/22)","100% (22/22)","knowledge","status","https://i.imgur.com/n13TWGD.png","https://i.imgur.com/X68sv6V.png","Argument 1"
"3LN3BXKGC0V00E899XOP4P5F9CEGWY","3VQ3WJ3HVNW2HKT9PBNM1J8FIWXMIU","Select the most convincing argument","Categorize the given content based on the provided criteria","text, classification","$0.30","Mon Nov 20 10:18:26 PST 2023","5","BatchId:5158906;OriginalHitTemplateId:928390873;","1200","259200","Thu Nov 23 10:18:26 PST 2023","","","3TXWC2NHNZQV172M1ODG43BRR7U9S0","A2Q1YS118AO2BP","Submitted","Mon Nov 20 10:20:19 PST 2023","Mon Nov 20 10:24:07 PST 2023","Thu Nov 23 10:24:07 PST 2023","","","","228","0% (0/0)","0% (0/0)","0% (0/0)","knowledge","status","https://i.imgur.com/n13TWGD.png","https://i.imgur.com/X68sv6V.png","Argument 1"
"3LN3BXKGC0V00E899XOP4P5F9CEGWY","3VQ3WJ3HVNW2HKT9PBNM1J8FIWXMIU","Select the most convincing argument","Categorize the given content based on the provided criteria","text, classification","$0.30","Mon Nov 20 10:18:26 PST 2023","5","BatchId:5158906;OriginalHitTemplateId:928390873;","1200","259200","Thu Nov 23 10:18:26 PST 2023","","","3PJ71Z61R42V7N3SO5YW82OI17H91G","A3HAPMZV7CYDY8","Submitted","Mon Nov 20 10:19:16 PST 2023","Mon Nov 20 10:28:50 PST 2023","Thu Nov 23 10:28:50 PST 2023","","","","574","0% (0/0)","0% (0/0)","0% (0/0)","knowledge","status","https://i.imgur.com/n13TWGD.png","https://i.imgur.com/X68sv6V.png","Argument 1"
"3LN3BXKGC0V00E899XOP4P5F9CEGWY","3VQ3WJ3HVNW2HKT9PBNM1J8FIWXMIU","Select the most convincing argument","Categorize the given content based on the provided criteria","text, classification","$0.30","Mon Nov 20 10:18:26 PST 2023","5","BatchId:5158906;OriginalHitTemplateId:928390873;","1200","259200","Thu Nov 23 10:18:26 PST 2023","","","3WRFBPLXRAOC6SL1CJVKEWYZ4GC3N1","A3GK90X2QOFR53","Submitted","Mon Nov 20 10:19:16 PST 2023","Mon Nov 20 10:33:16 PST 2023","Thu Nov 23 10:33:16 PST 2023","","","","840","0% (0/0)","0% (0/0)","0% (0/0)","knowledge","status","https://i.imgur.com/n13TWGD.png","https://i.imgur.com/X68sv6V.png","Argument 1"
"3LN3BXKGC0V00E899XOP4P5F9CEGWY","3VQ3WJ3HVNW2HKT9PBNM1J8FIWXMIU","Select the most convincing argument","Categorize the given content based on the provided criteria","text, classification","$0.30","Mon Nov 20 10:18:26 PST 2023","5","BatchId:5158906;OriginalHitTemplateId:928390873;","1200","259200","Thu Nov 23 10:18:26 PST 2023","","","3L0KT67Y8EGA28AU905W3K4I0GEYSD","A38DC3BG1ZCVZ2","Submitted","Mon Nov 20 10:20:21 PST 2023","Mon Nov 20 10:37:13 PST 2023","Thu Nov 23 10:37:13 PST 2023","","","","1012","0% (0/0)","0% (0/0)","0% (0/0)","knowledge","status","https://i.imgur.com/n13TWGD.png","https://i.imgur.com/X68sv6V.png","Argument 1"
"38DCH97KHH257J2O5UAM9DF9D3EJQ1","3VQ3WJ3HVNW2HKT9PBNM1J8FIWXMIU","Select the most convincing argument","Categorize the given content based on the provided criteria","text, classification","$0.30","Mon Nov 20 10:18:26 PST 2023","5","BatchId:5158906;OriginalHitTemplateId:928390873;","1200","259200","Thu Nov 23 10:18:26 PST 2023","","","3MTMREQS4VI2D7T0DZ1HXNPW327WAG","A2TBXASXZIRNNW","Submitted","Mon Nov 20 10:19:12 PST 2023","Mon Nov 20 10:22:15 PST 2023","Thu Nov 23 10:22:15 PST 2023","","","","183","100% (22/22)","100% (22/22)","100% (22/22)","conflict","identity","https://i.imgur.com/2LUNErA.png","https://i.imgur.com/dB8E0VA.png","Argument 1"
"38DCH97KHH257J2O5UAM9DF9D3EJQ1","3VQ3WJ3HVNW2HKT9PBNM1J8FIWXMIU","Select the most convincing argument","Categorize the given content based on the provided criteria","text, classification","$0.30","Mon Nov 20 10:18:26 PST 2023","5","BatchId:5158906;OriginalHitTemplateId:928390873;","1200","259200","Thu Nov 23 10:18:26 PST 2023","","","3QY5DC2MXRKKHUL3TF88T0FQF29UFS","A14W0AXTJ3R19V","Submitted","Mon Nov 20 10:19:53 PST 2023","Mon Nov 20 10:25:56 PST 2023","Thu Nov 23 10:25:56 PST 2023","","","","363","0% (0/0)","0% (0/0)","0% (0/0)","conflict","identity","https://i.imgur.com/2LUNErA.png","https://i.imgur.com/dB8E0VA.png","Argument 2"
"38DCH97KHH257J2O5UAM9DF9D3EJQ1","3VQ3WJ3HVNW2HKT9PBNM1J8FIWXMIU","Select the most convincing argument","Categorize the given content based on the provided criteria","text, classification","$0.30","Mon Nov 20 10:18:26 PST 2023","5","BatchId:5158906;OriginalHitTemplateId:928390873;","1200","259200","Thu Nov 23 10:18:26 PST 2023","","","32RIADZISS4U41WAKTHPNV0B5FFS4M","A9K0CV70JWG1W","Submitted","Mon Nov 20 10:19:34 PST 2023","Mon Nov 20 10:28:09 PST 2023","Thu Nov 23 10:28:09 PST 2023","","","","515","0% (0/0)","0% (0/0)","0% (0/0)","conflict","identity","https://i.imgur.com/2LUNErA.png","https://i.imgur.com/dB8E0VA.png","Argument 1"
"38DCH97KHH257J2O5UAM9DF9D3EJQ1","3VQ3WJ3HVNW2HKT9PBNM1J8FIWXMIU","Select the most convincing argument","Categorize the given content based on the provided criteria","text, classification","$0.30","Mon Nov 20 10:18:26 PST 2023","5","BatchId:5158906;OriginalHitTemplateId:928390873;","1200","259200","Thu Nov 23 10:18:26 PST 2023","","","3TPWUS5F891Q6MQYXDX83IFK35SWCI","A3HAPMZV7CYDY8","Submitted","Mon Nov 20 10:19:17 PST 2023","Mon Nov 20 10:29:04 PST 2023","Thu Nov 23 10:29:04 PST 2023","","","","587","0% (0/0)","0% (0/0)","0% (0/0)","conflict","identity","https://i.imgur.com/2LUNErA.png","https://i.imgur.com/dB8E0VA.png","Argument 1"
"38DCH97KHH257J2O5UAM9DF9D3EJQ1","3VQ3WJ3HVNW2HKT9PBNM1J8FIWXMIU","Select the most convincing argument","Categorize the given content based on the provided criteria","text, classification","$0.30","Mon Nov 20 10:18:26 PST 2023","5","BatchId:5158906;OriginalHitTemplateId:928390873;","1200","259200","Thu Nov 23 10:18:26 PST 2023","","","35GMH2SV3EHXYB1A2ICTCC21LF7EOI","A38DC3BG1ZCVZ2","Submitted","Mon Nov 20 10:20:22 PST 2023","Mon Nov 20 10:37:32 PST 2023","Thu Nov 23 10:37:32 PST 2023","","","","1030","0% (0/0)","0% (0/0)","0% (0/0)","conflict","identity","https://i.imgur.com/2LUNErA.png","https://i.imgur.com/dB8E0VA.png","Argument 2"
"3NSM4HLQNRUMT6610KUV6ERVRY6QQZ","3VQ3WJ3HVNW2HKT9PBNM1J8FIWXMIU","Select the most convincing argument","Categorize the given content based on the provided criteria","text, classification","$0.30","Mon Nov 20 10:18:26 PST 2023","5","BatchId:5158906;OriginalHitTemplateId:928390873;","1200","259200","Thu Nov 23 10:18:26 PST 2023","","","3DEL4X4EL6LIYPWT3ABJ2SLAFVGXYK","A320QA9HJFUOZO","Submitted","Mon Nov 20 10:18:35 PST 2023","Mon Nov 20 10:24:45 PST 2023","Thu Nov 23 10:24:45 PST 2023","","","","370","0% (0/0)","0% (0/0)","0% (0/0)","conflict","fun","https://i.imgur.com/2LUNErA.png","https://i.imgur.com/7PFBWe3.png","Argument 1"
"3NSM4HLQNRUMT6610KUV6ERVRY6QQZ","3VQ3WJ3HVNW2HKT9PBNM1J8FIWXMIU","Select the most convincing argument","Categorize the given content based on the provided criteria","text, classification","$0.30","Mon Nov 20 10:18:26 PST 2023","5","BatchId:5158906;OriginalHitTemplateId:928390873;","1200","259200","Thu Nov 23 10:18:26 PST 2023","","","3JRJSWSMQHL8CM8OJKS1O94QQOB3EC","A3GK90X2QOFR53","Submitted","Mon Nov 20 10:18:58 PST 2023","Mon Nov 20 10:25:58 PST 2023","Thu Nov 23 10:25:58 PST 2023","","","","420","0% (0/0)","0% (0/0)","0% (0/0)","conflict","fun","https://i.imgur.com/2LUNErA.png","https://i.imgur.com/7PFBWe3.png","Argument 1"
"3NSM4HLQNRUMT6610KUV6ERVRY6QQZ","3VQ3WJ3HVNW2HKT9PBNM1J8FIWXMIU","Select the most convincing argument","Categorize the given content based on the provided criteria","text, classification","$0.30","Mon Nov 20 10:18:26 PST 2023","5","BatchId:5158906;OriginalHitTemplateId:928390873;","1200","259200","Thu Nov 23 10:18:26 PST 2023","","","33SA9F9TRXU53KACT433T6FNOH5WEB","A9K0CV70JWG1W","Submitted","Mon Nov 20 10:19:23 PST 2023","Mon Nov 20 10:26:08 PST 2023","Thu Nov 23 10:26:08 PST 2023","","","","405","0% (0/0)","0% (0/0)","0% (0/0)","conflict","fun","https://i.imgur.com/2LUNErA.png","https://i.imgur.com/7PFBWe3.png","Argument 1"
"3NSM4HLQNRUMT6610KUV6ERVRY6QQZ","3VQ3WJ3HVNW2HKT9PBNM1J8FIWXMIU","Select the most convincing argument","Categorize the given content based on the provided criteria","text, classification","$0.30","Mon Nov 20 10:18:26 PST 2023","5","BatchId:5158906;OriginalHitTemplateId:928390873;","1200","259200","Thu Nov 23 10:18:26 PST 2023","","","3X66WABAJWI6W04FPFIPOCP234Q3GT","A3HAPMZV7CYDY8","Submitted","Mon Nov 20 10:19:01 PST 2023","Mon Nov 20 10:28:07 PST 2023","Thu Nov 23 10:28:07 PST 2023","","","","546","0% (0/0)","0% (0/0)","0% (0/0)","conflict","fun","https://i.imgur.com/2LUNErA.png","https://i.imgur.com/7PFBWe3.png","Argument 1"
"3NSM4HLQNRUMT6610KUV6ERVRY6QQZ","3VQ3WJ3HVNW2HKT9PBNM1J8FIWXMIU","Select the most convincing argument","Categorize the given content based on the provided criteria","text, classification","$0.30","Mon Nov 20 10:18:26 PST 2023","5","BatchId:5158906;OriginalHitTemplateId:928390873;","1200","259200","Thu Nov 23 10:18:26 PST 2023","","","3N4BPTXIO8SVXGDHUQZ59D7VNYQUKU","A38DC3BG1ZCVZ2","Submitted","Mon Nov 20 10:20:19 PST 2023","Mon Nov 20 10:32:49 PST 2023","Thu Nov 23 10:32:49 PST 2023","","","","750","0% (0/0)","0% (0/0)","0% (0/0)","conflict","fun","https://i.imgur.com/2LUNErA.png","https://i.imgur.com/7PFBWe3.png","Argument 1"
"31SIZS5W59FM57L1DZJVB410NK8QR0","3VQ3WJ3HVNW2HKT9PBNM1J8FIWXMIU","Select the most convincing argument","Categorize the given content based on the provided criteria","text, classification","$0.30","Mon Nov 20 10:18:26 PST 2023","5","BatchId:5158906;OriginalHitTemplateId:928390873;","1200","259200","Thu Nov 23 10:18:26 PST 2023","","","3Z3ZLGNNSIUX9PYTSBN1IQT49RZ3QO","A2TBXASXZIRNNW","Submitted","Mon Nov 20 10:19:22 PST 2023","Mon Nov 20 10:23:55 PST 2023","Thu Nov 23 10:23:55 PST 2023","","","","273","100% (22/22)","100% (22/22)","100% (22/22)","baseline","fake1","https://i.imgur.com/pqlaJCV.png","https://i.imgur.com/HSOKq2h.png","Argument 1"
"31SIZS5W59FM57L1DZJVB410NK8QR0","3VQ3WJ3HVNW2HKT9PBNM1J8FIWXMIU","Select the most convincing argument","Categorize the given content based on the provided criteria","text, classification","$0.30","Mon Nov 20 10:18:26 PST 2023","5","BatchId:5158906;OriginalHitTemplateId:928390873;","1200","259200","Thu Nov 23 10:18:26 PST 2023","","","37QW5D2ZRGMVN2JCWW7247GG71BS8T","A38DC3BG1ZCVZ2","Submitted","Mon Nov 20 10:19:38 PST 2023","Mon Nov 20 10:27:20 PST 2023","Thu Nov 23 10:27:20 PST 2023","","","","462","0% (0/0)","0% (0/0)","0% (0/0)","baseline","fake1","https://i.imgur.com/pqlaJCV.png","https://i.imgur.com/HSOKq2h.png","Argument 1"
"31SIZS5W59FM57L1DZJVB410NK8QR0","3VQ3WJ3HVNW2HKT9PBNM1J8FIWXMIU","Select the most convincing argument","Categorize the given content based on the provided criteria","text, classification","$0.30","Mon Nov 20 10:18:26 PST 2023","5","BatchId:5158906;OriginalHitTemplateId:928390873;","1200","259200","Thu Nov 23 10:18:26 PST 2023","","","3U0SRXB7CD54PU63N9WGWU1FAURRNS","A3HAPMZV7CYDY8","Submitted","Mon Nov 20 10:18:53 PST 2023","Mon Nov 20 10:27:40 PST 2023","Thu Nov 23 10:27:40 PST 2023","","","","527","0% (0/0)","0% (0/0)","0% (0/0)","baseline","fake1","https://i.imgur.com/pqlaJCV.png","https://i.imgur.com/HSOKq2h.png","Argument 2"
"31SIZS5W59FM57L1DZJVB410NK8QR0","3VQ3WJ3HVNW2HKT9PBNM1J8FIWXMIU","Select the most convincing argument","Categorize the given content based on the provided criteria","text, classification","$0.30","Mon Nov 20 10:18:26 PST 2023","5","BatchId:5158906;OriginalHitTemplateId:928390873;","1200","259200","Thu Nov 23 10:18:26 PST 2023","","","3B837J3LDOW157Y8V5D2VOBLXTZRS4","A3GK90X2QOFR53","Submitted","Mon Nov 20 10:19:11 PST 2023","Mon Nov 20 10:32:47 PST 2023","Thu Nov 23 10:32:47 PST 2023","","","","816","0% (0/0)","0% (0/0)","0% (0/0)","baseline","fake1","https://i.imgur.com/pqlaJCV.png","https://i.imgur.com/HSOKq2h.png","Argument 1"
"31SIZS5W59FM57L1DZJVB410NK8QR0","3VQ3WJ3HVNW2HKT9PBNM1J8FIWXMIU","Select the most convincing argument","Categorize the given content based on the provided criteria","text, classification","$0.30","Mon Nov 20 10:18:26 PST 2023","5","BatchId:5158906;OriginalHitTemplateId:928390873;","1200","259200","Thu Nov 23 10:18:26 PST 2023","","","3WOKGM4L71GY7LMGUBDERN0XREX0OI","AKSJ3C5O3V9RB","Submitted","Mon Nov 20 10:18:37 PST 2023","Mon Nov 20 10:37:59 PST 2023","Thu Nov 23 10:37:59 PST 2023","","","","1162","100% (20/20)","100% (20/20)","100% (20/20)","baseline","fake1","https://i.imgur.com/pqlaJCV.png","https://i.imgur.com/HSOKq2h.png","Argument 1"
"3D0LPO3EABZSHWK7CHJLUVZXB65YO2","3VQ3WJ3HVNW2HKT9PBNM1J8FIWXMIU","Select the most convincing argument","Categorize the given content based on the provided criteria","text, classification","$0.30","Mon Nov 20 10:18:26 PST 2023","5","BatchId:5158906;OriginalHitTemplateId:928390873;","1200","259200","Thu Nov 23 10:18:26 PST 2023","","","3KOPY89HM82GN2UGXL3SLPHIVW73JX","A14W0AXTJ3R19V","Submitted","Mon Nov 20 10:19:06 PST 2023","Mon Nov 20 10:21:28 PST 2023","Thu Nov 23 10:21:28 PST 2023","","","","142","0% (0/0)","0% (0/0)","0% (0/0)","knowledge","trust","https://i.imgur.com/54uvDZr.png","https://i.imgur.com/xi8aT4w.png","Argument 1"
"3D0LPO3EABZSHWK7CHJLUVZXB65YO2","3VQ3WJ3HVNW2HKT9PBNM1J8FIWXMIU","Select the most convincing argument","Categorize the given content based on the provided criteria","text, classification","$0.30","Mon Nov 20 10:18:26 PST 2023","5","BatchId:5158906;OriginalHitTemplateId:928390873;","1200","259200","Thu Nov 23 10:18:26 PST 2023","","","3ERET4BTVM9XDOPEWF4EDHKHADH9KJ","A2TBXASXZIRNNW","Submitted","Mon Nov 20 10:19:52 PST 2023","Mon Nov 20 10:25:01 PST 2023","Thu Nov 23 10:25:01 PST 2023","","","","309","100% (22/22)","100% (22/22)","100% (22/22)","knowledge","trust","https://i.imgur.com/54uvDZr.png","https://i.imgur.com/xi8aT4w.png","Argument 1"
"3D0LPO3EABZSHWK7CHJLUVZXB65YO2","3VQ3WJ3HVNW2HKT9PBNM1J8FIWXMIU","Select the most convincing argument","Categorize the given content based on the provided criteria","text, classification","$0.30","Mon Nov 20 10:18:26 PST 2023","5","BatchId:5158906;OriginalHitTemplateId:928390873;","1200","259200","Thu Nov 23 10:18:26 PST 2023","","","3MMN5BL1WZ46OA010IGK1H9ZZQ23M1","A3HAPMZV7CYDY8","Submitted","Mon Nov 20 10:19:10 PST 2023","Mon Nov 20 10:28:40 PST 2023","Thu Nov 23 10:28:40 PST 2023","","","","570","0% (0/0)","0% (0/0)","0% (0/0)","knowledge","trust","https://i.imgur.com/54uvDZr.png","https://i.imgur.com/xi8aT4w.png","Argument 1"
"3D0LPO3EABZSHWK7CHJLUVZXB65YO2","3VQ3WJ3HVNW2HKT9PBNM1J8FIWXMIU","Select the most convincing argument","Categorize the given content based on the provided criteria","text, classification","$0.30","Mon Nov 20 10:18:26 PST 2023","5","BatchId:5158906;OriginalHitTemplateId:928390873;","1200","259200","Thu Nov 23 10:18:26 PST 2023","","","34V1S5K3GS1QE94PUBAD3YFZ9IX69B","A3GK90X2QOFR53","Submitted","Mon Nov 20 10:19:07 PST 2023","Mon Nov 20 10:32:17 PST 2023","Thu Nov 23 10:32:17 PST 2023","","","","790","0% (0/0)","0% (0/0)","0% (0/0)","knowledge","trust","https://i.imgur.com/54uvDZr.png","https://i.imgur.com/xi8aT4w.png","Argument 1"
"3D0LPO3EABZSHWK7CHJLUVZXB65YO2","3VQ3WJ3HVNW2HKT9PBNM1J8FIWXMIU","Select the most convincing argument","Categorize the given content based on the provided criteria","text, classification","$0.30","Mon Nov 20 10:18:26 PST 2023","5","BatchId:5158906;OriginalHitTemplateId:928390873;","1200","259200","Thu Nov 23 10:18:26 PST 2023","","","3Z4AIRP3C6DL8JLQRL4AO5A08A7X1M","A38DC3BG1ZCVZ2","Submitted","Mon Nov 20 10:21:19 PST 2023","Mon Nov 20 10:38:36 PST 2023","Thu Nov 23 10:38:36 PST 2023","","","","1037","0% (0/0)","0% (0/0)","0% (0/0)","knowledge","trust","https://i.imgur.com/54uvDZr.png","https://i.imgur.com/xi8aT4w.png","Argument 1"
"356ZPKYPUHHA2WW8RHW0JV4NLB1YPJ","3VQ3WJ3HVNW2HKT9PBNM1J8FIWXMIU","Select the most convincing argument","Categorize the given content based on the provided criteria","text, classification","$0.30","Mon Nov 20 10:18:26 PST 2023","5","BatchId:5158906;OriginalHitTemplateId:928390873;","1200","259200","Thu Nov 23 10:18:26 PST 2023","","","35USIKEBNRGB3B8JVLTILZAJE7E6NA","A2TBXASXZIRNNW","Submitted","Mon Nov 20 10:20:03 PST 2023","Mon Nov 20 10:25:41 PST 2023","Thu Nov 23 10:25:41 PST 2023","","","","338","100% (22/22)","100% (22/22)","100% (22/22)","baseline","trust","https://i.imgur.com/0jgsV40.png","https://i.imgur.com/qGb0iOX.png","Argument 2"
"356ZPKYPUHHA2WW8RHW0JV4NLB1YPJ","3VQ3WJ3HVNW2HKT9PBNM1J8FIWXMIU","Select the most convincing argument","Categorize the given content based on the provided criteria","text, classification","$0.30","Mon Nov 20 10:18:26 PST 2023","5","BatchId:5158906;OriginalHitTemplateId:928390873;","1200","259200","Thu Nov 23 10:18:26 PST 2023","","","384PI804XS1D5DE91SUNBSAYO3ZS06","A9K0CV70JWG1W","Submitted","Mon Nov 20 10:19:28 PST 2023","Mon Nov 20 10:27:32 PST 2023","Thu Nov 23 10:27:32 PST 2023","","","","484","0% (0/0)","0% (0/0)","0% (0/0)","baseline","trust","https://i.imgur.com/0jgsV40.png","https://i.imgur.com/qGb0iOX.png","Argument 1"
"356ZPKYPUHHA2WW8RHW0JV4NLB1YPJ","3VQ3WJ3HVNW2HKT9PBNM1J8FIWXMIU","Select the most convincing argument","Categorize the given content based on the provided criteria","text, classification","$0.30","Mon Nov 20 10:18:26 PST 2023","5","BatchId:5158906;OriginalHitTemplateId:928390873;","1200","259200","Thu Nov 23 10:18:26 PST 2023","","","3SKRO2GZ71RFOJMJS2PLYB2YC1T1K2","A14W0AXTJ3R19V","Submitted","Mon Nov 20 10:21:08 PST 2023","Mon Nov 20 10:29:04 PST 2023","Thu Nov 23 10:29:04 PST 2023","","","","476","0% (0/0)","0% (0/0)","0% (0/0)","baseline","trust","https://i.imgur.com/0jgsV40.png","https://i.imgur.com/qGb0iOX.png","Argument 2"
"356ZPKYPUHHA2WW8RHW0JV4NLB1YPJ","3VQ3WJ3HVNW2HKT9PBNM1J8FIWXMIU","Select the most convincing argument","Categorize the given content based on the provided criteria","text, classification","$0.30","Mon Nov 20 10:18:26 PST 2023","5","BatchId:5158906;OriginalHitTemplateId:928390873;","1200","259200","Thu Nov 23 10:18:26 PST 2023","","","345LHZDEDXSP1I5A9K76SRQTCC4U3J","A3GK90X2QOFR53","Submitted","Mon Nov 20 10:19:12 PST 2023","Mon Nov 20 10:32:53 PST 2023","Thu Nov 23 10:32:53 PST 2023","","","","821","0% (0/0)","0% (0/0)","0% (0/0)","baseline","trust","https://i.imgur.com/0jgsV40.png","https://i.imgur.com/qGb0iOX.png","Argument 1"
"356ZPKYPUHHA2WW8RHW0JV4NLB1YPJ","3VQ3WJ3HVNW2HKT9PBNM1J8FIWXMIU","Select the most convincing argument","Categorize the given content based on the provided criteria","text, classification","$0.30","Mon Nov 20 10:18:26 PST 2023","5","BatchId:5158906;OriginalHitTemplateId:928390873;","1200","259200","Thu Nov 23 10:18:26 PST 2023","","","3QJOXOW4XJR9Y8GYP2XGK8DWQFSEM3","A38DC3BG1ZCVZ2","Submitted","Mon Nov 20 10:20:20 PST 2023","Mon Nov 20 10:36:38 PST 2023","Thu Nov 23 10:36:38 PST 2023","","","","978","0% (0/0)","0% (0/0)","0% (0/0)","baseline","trust","https://i.imgur.com/0jgsV40.png","https://i.imgur.com/qGb0iOX.png","Argument 2"
"37M4O367VJI6F5PBOZZBRUCZL1MM5V","3VQ3WJ3HVNW2HKT9PBNM1J8FIWXMIU","Select the most convincing argument","Categorize the given content based on the provided criteria","text, classification","$0.30","Mon Nov 20 10:18:26 PST 2023","5","BatchId:5158906;OriginalHitTemplateId:928390873;","1200","259200","Thu Nov 23 10:18:26 PST 2023","","","3ZV9H2YQQD72TMUF4KM7AFBQXSFW3K","A9K0CV70JWG1W","Submitted","Mon Nov 20 10:19:14 PST 2023","Mon Nov 20 10:21:14 PST 2023","Thu Nov 23 10:21:14 PST 2023","","","","120","0% (0/0)","0% (0/0)","0% (0/0)","fun","identity","https://i.imgur.com/7DLo4Tt.png","https://i.imgur.com/s0HCMNI.png","Argument 2"
"37M4O367VJI6F5PBOZZBRUCZL1MM5V","3VQ3WJ3HVNW2HKT9PBNM1J8FIWXMIU","Select the most convincing argument","Categorize the given content based on the provided criteria","text, classification","$0.30","Mon Nov 20 10:18:26 PST 2023","5","BatchId:5158906;OriginalHitTemplateId:928390873;","1200","259200","Thu Nov 23 10:18:26 PST 2023","","","308XBLVESI42OLH6KJR75Z1LT5EBRO","A2TBXASXZIRNNW","Submitted","Mon Nov 20 10:19:56 PST 2023","Mon Nov 20 10:25:26 PST 2023","Thu Nov 23 10:25:26 PST 2023","","","","330","100% (22/22)","100% (22/22)","100% (22/22)","fun","identity","https://i.imgur.com/7DLo4Tt.png","https://i.imgur.com/s0HCMNI.png","Argument 2"
"37M4O367VJI6F5PBOZZBRUCZL1MM5V","3VQ3WJ3HVNW2HKT9PBNM1J8FIWXMIU","Select the most convincing argument","Categorize the given content based on the provided criteria","text, classification","$0.30","Mon Nov 20 10:18:26 PST 2023","5","BatchId:5158906;OriginalHitTemplateId:928390873;","1200","259200","Thu Nov 23 10:18:26 PST 2023","","","3B2X28YI3WF922JMSVO9U4APXI06BL","A14W0AXTJ3R19V","Submitted","Mon Nov 20 10:19:41 PST 2023","Mon Nov 20 10:25:27 PST 2023","Thu Nov 23 10:25:27 PST 2023","","","","346","0% (0/0)","0% (0/0)","0% (0/0)","fun","identity","https://i.imgur.com/7DLo4Tt.png","https://i.imgur.com/s0HCMNI.png","Argument 2"
"37M4O367VJI6F5PBOZZBRUCZL1MM5V","3VQ3WJ3HVNW2HKT9PBNM1J8FIWXMIU","Select the most convincing argument","Categorize the given content based on the provided criteria","text, classification","$0.30","Mon Nov 20 10:18:26 PST 2023","5","BatchId:5158906;OriginalHitTemplateId:928390873;","1200","259200","Thu Nov 23 10:18:26 PST 2023","","","3VP0C6EFSGW5LTNJJKEI8KLJ9H46MA","A38DC3BG1ZCVZ2","Submitted","Mon Nov 20 10:20:02 PST 2023","Mon Nov 20 10:29:08 PST 2023","Thu Nov 23 10:29:08 PST 2023","","","","546","0% (0/0)","0% (0/0)","0% (0/0)","fun","identity","https://i.imgur.com/7DLo4Tt.png","https://i.imgur.com/s0HCMNI.png","Argument 2"
"37M4O367VJI6F5PBOZZBRUCZL1MM5V","3VQ3WJ3HVNW2HKT9PBNM1J8FIWXMIU","Select the most convincing argument","Categorize the given content based on the provided criteria","text, classification","$0.30","Mon Nov 20 10:18:26 PST 2023","5","BatchId:5158906;OriginalHitTemplateId:928390873;","1200","259200","Thu Nov 23 10:18:26 PST 2023","","","3ATPCQ38J8A62CO0S0J5IKACEA7YAH","A3GK90X2QOFR53","Submitted","Mon Nov 20 10:19:14 PST 2023","Mon Nov 20 10:32:59 PST 2023","Thu Nov 23 10:32:59 PST 2023","","","","825","0% (0/0)","0% (0/0)","0% (0/0)","fun","identity","https://i.imgur.com/7DLo4Tt.png","https://i.imgur.com/s0HCMNI.png","Argument 2"
"3R5LWXWHR08FPEDZJ2KB68JMIEKGXR","3VQ3WJ3HVNW2HKT9PBNM1J8FIWXMIU","Select the most convincing argument","Categorize the given content based on the provided criteria","text, classification","$0.30","Mon Nov 20 10:18:26 PST 2023","5","BatchId:5158906;OriginalHitTemplateId:928390873;","1200","259200","Thu Nov 23 10:18:26 PST 2023","","","3ZDAD0O1T1DMH3XZT4OKUBTV0TYTXR","A14W0AXTJ3R19V","Submitted","Mon Nov 20 10:19:01 PST 2023","Mon Nov 20 10:20:15 PST 2023","Thu Nov 23 10:20:15 PST 2023","","","","74","0% (0/0)","0% (0/0)","0% (0/0)","baseline","knowledge","https://i.imgur.com/pqlaJCV.png","https://i.imgur.com/LntjQet.png","Argument 2"
"3R5LWXWHR08FPEDZJ2KB68JMIEKGXR","3VQ3WJ3HVNW2HKT9PBNM1J8FIWXMIU","Select the most convincing argument","Categorize the given content based on the provided criteria","text, classification","$0.30","Mon Nov 20 10:18:26 PST 2023","5","BatchId:5158906;OriginalHitTemplateId:928390873;","1200","259200","Thu Nov 23 10:18:26 PST 2023","","","3SNLUL3WO4N6HMVZFQB6ODKACYVULX","A24LUXW1DB1QI5","Submitted","Mon Nov 20 10:20:27 PST 2023","Mon Nov 20 10:21:01 PST 2023","Thu Nov 23 10:21:01 PST 2023","","","","34","0% (0/0)","0% (0/0)","0% (0/0)","baseline","knowledge","https://i.imgur.com/pqlaJCV.png","https://i.imgur.com/LntjQet.png","Argument 1"
"3R5LWXWHR08FPEDZJ2KB68JMIEKGXR","3VQ3WJ3HVNW2HKT9PBNM1J8FIWXMIU","Select the most convincing argument","Categorize the given content based on the provided criteria","text, classification","$0.30","Mon Nov 20 10:18:26 PST 2023","5","BatchId:5158906;OriginalHitTemplateId:928390873;","1200","259200","Thu Nov 23 10:18:26 PST 2023","","","37Q970SNZE8DC2ZRXBYNPXT8TV5S19","A2TBXASXZIRNNW","Submitted","Mon Nov 20 10:19:30 PST 2023","Mon Nov 20 10:24:36 PST 2023","Thu Nov 23 10:24:36 PST 2023","","","","306","100% (22/22)","100% (22/22)","100% (22/22)","baseline","knowledge","https://i.imgur.com/pqlaJCV.png","https://i.imgur.com/LntjQet.png","Argument 2"
"3R5LWXWHR08FPEDZJ2KB68JMIEKGXR","3VQ3WJ3HVNW2HKT9PBNM1J8FIWXMIU","Select the most convincing argument","Categorize the given content based on the provided criteria","text, classification","$0.30","Mon Nov 20 10:18:26 PST 2023","5","BatchId:5158906;OriginalHitTemplateId:928390873;","1200","259200","Thu Nov 23 10:18:26 PST 2023","","","3HMIGG0U4L6SJOVLV2ZRMT4HOM7Y8D","A3HAPMZV7CYDY8","Submitted","Mon Nov 20 10:19:09 PST 2023","Mon Nov 20 10:28:29 PST 2023","Thu Nov 23 10:28:29 PST 2023","","","","560","0% (0/0)","0% (0/0)","0% (0/0)","baseline","knowledge","https://i.imgur.com/pqlaJCV.png","https://i.imgur.com/LntjQet.png","Argument 2"
"3R5LWXWHR08FPEDZJ2KB68JMIEKGXR","3VQ3WJ3HVNW2HKT9PBNM1J8FIWXMIU","Select the most convincing argument","Categorize the given content based on the provided criteria","text, classification","$0.30","Mon Nov 20 10:18:26 PST 2023","5","BatchId:5158906;OriginalHitTemplateId:928390873;","1200","259200","Thu Nov 23 10:18:26 PST 2023","","","3KGTPGBS6XL0G09R5KT19HL16Y4U28","A3GK90X2QOFR53","Submitted","Mon Nov 20 10:19:09 PST 2023","Mon Nov 20 10:32:35 PST 2023","Thu Nov 23 10:32:35 PST 2023","","","","806","0% (0/0)","0% (0/0)","0% (0/0)","baseline","knowledge","https://i.imgur.com/pqlaJCV.png","https://i.imgur.com/LntjQet.png","Argument 2"
"3IQ9O0AYW6ZM4OAA4GJH2HBWKVOTID","3VQ3WJ3HVNW2HKT9PBNM1J8FIWXMIU","Select the most convincing argument","Categorize the given content based on the provided criteria","text, classification","$0.30","Mon Nov 20 10:18:26 PST 2023","5","BatchId:5158906;OriginalHitTemplateId:928390873;","1200","259200","Thu Nov 23 10:18:26 PST 2023","","","3L4PIM1GQTGY1TAHUB5RDAZMEEVRYI","A2TBXASXZIRNNW","Submitted","Mon Nov 20 10:19:21 PST 2023","Mon Nov 20 10:23:48 PST 2023","Thu Nov 23 10:23:48 PST 2023","","","","267","100% (22/22)","100% (22/22)","100% (22/22)","status","trust","https://i.imgur.com/9WLpC3U.png","https://i.imgur.com/NLaUd4z.png","Argument 2"
"3IQ9O0AYW6ZM4OAA4GJH2HBWKVOTID","3VQ3WJ3HVNW2HKT9PBNM1J8FIWXMIU","Select the most convincing argument","Categorize the given content based on the provided criteria","text, classification","$0.30","Mon Nov 20 10:18:26 PST 2023","5","BatchId:5158906;OriginalHitTemplateId:928390873;","1200","259200","Thu Nov 23 10:18:26 PST 2023","","","3DY4FPOOA1OHXZFCP0I76BVSWXTRV9","A38DC3BG1ZCVZ2","Submitted","Mon Nov 20 10:19:16 PST 2023","Mon Nov 20 10:23:49 PST 2023","Thu Nov 23 10:23:49 PST 2023","","","","273","0% (0/0)","0% (0/0)","0% (0/0)","status","trust","https://i.imgur.com/9WLpC3U.png","https://i.imgur.com/NLaUd4z.png","Argument 1"
"3IQ9O0AYW6ZM4OAA4GJH2HBWKVOTID","3VQ3WJ3HVNW2HKT9PBNM1J8FIWXMIU","Select the most convincing argument","Categorize the given content based on the provided criteria","text, classification","$0.30","Mon Nov 20 10:18:26 PST 2023","5","BatchId:5158906;OriginalHitTemplateId:928390873;","1200","259200","Thu Nov 23 10:18:26 PST 2023","","","3MH9DQ757WCQVUHY4ZEQBLF2GH9UGR","A14W0AXTJ3R19V","Submitted","Mon Nov 20 10:20:01 PST 2023","Mon Nov 20 10:26:28 PST 2023","Thu Nov 23 10:26:28 PST 2023","","","","387","0% (0/0)","0% (0/0)","0% (0/0)","status","trust","https://i.imgur.com/9WLpC3U.png","https://i.imgur.com/NLaUd4z.png","Argument 1"
"3IQ9O0AYW6ZM4OAA4GJH2HBWKVOTID","3VQ3WJ3HVNW2HKT9PBNM1J8FIWXMIU","Select the most convincing argument","Categorize the given content based on the provided criteria","text, classification","$0.30","Mon Nov 20 10:18:26 PST 2023","5","BatchId:5158906;OriginalHitTemplateId:928390873;","1200","259200","Thu Nov 23 10:18:26 PST 2023","","","3BC8WZX3V3WP4SYVGGDX5E6PBRGRRG","A3HAPMZV7CYDY8","Submitted","Mon Nov 20 10:19:10 PST 2023","Mon Nov 20 10:28:36 PST 2023","Thu Nov 23 10:28:36 PST 2023","","","","566","0% (0/0)","0% (0/0)","0% (0/0)","status","trust","https://i.imgur.com/9WLpC3U.png","https://i.imgur.com/NLaUd4z.png","Argument 2"
"3IQ9O0AYW6ZM4OAA4GJH2HBWKVOTID","3VQ3WJ3HVNW2HKT9PBNM1J8FIWXMIU","Select the most convincing argument","Categorize the given content based on the provided criteria","text, classification","$0.30","Mon Nov 20 10:18:26 PST 2023","5","BatchId:5158906;OriginalHitTemplateId:928390873;","1200","259200","Thu Nov 23 10:18:26 PST 2023","","","36AHBNMV1RC40JRCCAA78LIIZD4YDJ","A3GK90X2QOFR53","Submitted","Mon Nov 20 10:19:40 PST 2023","Mon Nov 20 10:33:45 PST 2023","Thu Nov 23 10:33:45 PST 2023","","","","845","0% (0/0)","0% (0/0)","0% (0/0)","status","trust","https://i.imgur.com/9WLpC3U.png","https://i.imgur.com/NLaUd4z.png","Argument 2"
"39N6W9XWRDN4PJ39OY6DPMQVKKEGYX","3VQ3WJ3HVNW2HKT9PBNM1J8FIWXMIU","Select the most convincing argument","Categorize the given content based on the provided criteria","text, classification","$0.30","Mon Nov 20 10:18:26 PST 2023","5","BatchId:5158906;OriginalHitTemplateId:928390873;","1200","259200","Thu Nov 23 10:18:26 PST 2023","","","3HMVI3QICJSA8OB0WHQC7JH9AG1Y1T","A3GK90X2QOFR53","Submitted","Mon Nov 20 10:18:49 PST 2023","Mon Nov 20 10:20:10 PST 2023","Thu Nov 23 10:20:10 PST 2023","","","","81","0% (0/0)","0% (0/0)","0% (0/0)","baseline","fake2","https://i.imgur.com/wPnT3SJ.png","https://i.imgur.com/HbXZtEz.png","Argument 2"
"39N6W9XWRDN4PJ39OY6DPMQVKKEGYX","3VQ3WJ3HVNW2HKT9PBNM1J8FIWXMIU","Select the most convincing argument","Categorize the given content based on the provided criteria","text, classification","$0.30","Mon Nov 20 10:18:26 PST 2023","5","BatchId:5158906;OriginalHitTemplateId:928390873;","1200","259200","Thu Nov 23 10:18:26 PST 2023","","","3WAKVUDHUWG7216XBWAW5829HEQU7O","A9K0CV70JWG1W","Submitted","Mon Nov 20 10:19:15 PST 2023","Mon Nov 20 10:22:12 PST 2023","Thu Nov 23 10:22:12 PST 2023","","","","177","0% (0/0)","0% (0/0)","0% (0/0)","baseline","fake2","https://i.imgur.com/wPnT3SJ.png","https://i.imgur.com/HbXZtEz.png","Argument 1"
"39N6W9XWRDN4PJ39OY6DPMQVKKEGYX","3VQ3WJ3HVNW2HKT9PBNM1J8FIWXMIU","Select the most convincing argument","Categorize the given content based on the provided criteria","text, classification","$0.30","Mon Nov 20 10:18:26 PST 2023","5","BatchId:5158906;OriginalHitTemplateId:928390873;","1200","259200","Thu Nov 23 10:18:26 PST 2023","","","3F6HPJW4JD0D84YW0K82R56YREFW29","AKSJ3C5O3V9RB","Submitted","Mon Nov 20 10:18:36 PST 2023","Mon Nov 20 10:26:44 PST 2023","Thu Nov 23 10:26:44 PST 2023","","","","488","100% (20/20)","100% (20/20)","100% (20/20)","baseline","fake2","https://i.imgur.com/wPnT3SJ.png","https://i.imgur.com/HbXZtEz.png","Argument 1"
"39N6W9XWRDN4PJ39OY6DPMQVKKEGYX","3VQ3WJ3HVNW2HKT9PBNM1J8FIWXMIU","Select the most convincing argument","Categorize the given content based on the provided criteria","text, classification","$0.30","Mon Nov 20 10:18:26 PST 2023","5","BatchId:5158906;OriginalHitTemplateId:928390873;","1200","259200","Thu Nov 23 10:18:26 PST 2023","","","3GU1KF0O4I1HC81R7RNI0416SNPPB9","A38DC3BG1ZCVZ2","Submitted","Mon Nov 20 10:19:34 PST 2023","Mon Nov 20 10:26:58 PST 2023","Thu Nov 23 10:26:58 PST 2023","","","","444","0% (0/0)","0% (0/0)","0% (0/0)","baseline","fake2","https://i.imgur.com/wPnT3SJ.png","https://i.imgur.com/HbXZtEz.png","Argument 2"
"39N6W9XWRDN4PJ39OY6DPMQVKKEGYX","3VQ3WJ3HVNW2HKT9PBNM1J8FIWXMIU","Select the most convincing argument","Categorize the given content based on the provided criteria","text, classification","$0.30","Mon Nov 20 10:18:26 PST 2023","5","BatchId:5158906;OriginalHitTemplateId:928390873;","1200","259200","Thu Nov 23 10:18:26 PST 2023","","","3GA6AFUKOOOKWWZQ9L079C13I433HS","A3HAPMZV7CYDY8","Submitted","Mon Nov 20 10:19:02 PST 2023","Mon Nov 20 10:28:11 PST 2023","Thu Nov 23 10:28:11 PST 2023","","","","549","0% (0/0)","0% (0/0)","0% (0/0)","baseline","fake2","https://i.imgur.com/wPnT3SJ.png","https://i.imgur.com/HbXZtEz.png","Argument 1"
"31ODACBENUFY6MLESOJ01E6W9MRQSO","3VQ3WJ3HVNW2HKT9PBNM1J8FIWXMIU","Select the most convincing argument","Categorize the given content based on the provided criteria","text, classification","$0.30","Mon Nov 20 10:18:26 PST 2023","5","BatchId:5158906;OriginalHitTemplateId:928390873;","1200","259200","Thu Nov 23 10:18:26 PST 2023","","","3Y54SXRO1LLU0Z34OZDXA4UR6BHTUZ","A3GK90X2QOFR53","Submitted","Mon Nov 20 10:18:51 PST 2023","Mon Nov 20 10:20:39 PST 2023","Thu Nov 23 10:20:39 PST 2023","","","","108","0% (0/0)","0% (0/0)","0% (0/0)","similarity","identity","https://i.imgur.com/sgjH2l9.png","https://i.imgur.com/gquD07O.png","Argument 2"
"31ODACBENUFY6MLESOJ01E6W9MRQSO","3VQ3WJ3HVNW2HKT9PBNM1J8FIWXMIU","Select the most convincing argument","Categorize the given content based on the provided criteria","text, classification","$0.30","Mon Nov 20 10:18:26 PST 2023","5","BatchId:5158906;OriginalHitTemplateId:928390873;","1200","259200","Thu Nov 23 10:18:26 PST 2023","","","3FTF2T8WLRIO8OJVLTNH1SECXKPW91","A38DC3BG1ZCVZ2","Submitted","Mon Nov 20 10:19:10 PST 2023","Mon Nov 20 10:22:47 PST 2023","Thu Nov 23 10:22:47 PST 2023","","","","217","0% (0/0)","0% (0/0)","0% (0/0)","similarity","identity","https://i.imgur.com/sgjH2l9.png","https://i.imgur.com/gquD07O.png","Argument 2"
"31ODACBENUFY6MLESOJ01E6W9MRQSO","3VQ3WJ3HVNW2HKT9PBNM1J8FIWXMIU","Select the most convincing argument","Categorize the given content based on the provided criteria","text, classification","$0.30","Mon Nov 20 10:18:26 PST 2023","5","BatchId:5158906;OriginalHitTemplateId:928390873;","1200","259200","Thu Nov 23 10:18:26 PST 2023","","","33M4IA01QG191OK7PFJPUWSDC81RXC","A2TBXASXZIRNNW","Submitted","Mon Nov 20 10:19:17 PST 2023","Mon Nov 20 10:23:10 PST 2023","Thu Nov 23 10:23:10 PST 2023","","","","233","100% (22/22)","100% (22/22)","100% (22/22)","similarity","identity","https://i.imgur.com/sgjH2l9.png","https://i.imgur.com/gquD07O.png","Argument 2"
"31ODACBENUFY6MLESOJ01E6W9MRQSO","3VQ3WJ3HVNW2HKT9PBNM1J8FIWXMIU","Select the most convincing argument","Categorize the given content based on the provided criteria","text, classification","$0.30","Mon Nov 20 10:18:26 PST 2023","5","BatchId:5158906;OriginalHitTemplateId:928390873;","1200","259200","Thu Nov 23 10:18:26 PST 2023","","","30JNVC0OR9KC3X5S7WC3MKUESWHHQ9","A2Q1YS118AO2BP","Submitted","Mon Nov 20 10:23:44 PST 2023","Mon Nov 20 10:25:06 PST 2023","Thu Nov 23 10:25:06 PST 2023","","","","82","0% (0/0)","0% (0/0)","0% (0/0)","similarity","identity","https://i.imgur.com/sgjH2l9.png","https://i.imgur.com/gquD07O.png","Argument 2"
"31ODACBENUFY6MLESOJ01E6W9MRQSO","3VQ3WJ3HVNW2HKT9PBNM1J8FIWXMIU","Select the most convincing argument","Categorize the given content based on the provided criteria","text, classification","$0.30","Mon Nov 20 10:18:26 PST 2023","5","BatchId:5158906;OriginalHitTemplateId:928390873;","1200","259200","Thu Nov 23 10:18:26 PST 2023","","","3ND9UOO81K2J9QK4AQQ76157XE6WLY","A14W0AXTJ3R19V","Submitted","Mon Nov 20 10:19:37 PST 2023","Mon Nov 20 10:25:08 PST 2023","Thu Nov 23 10:25:08 PST 2023","","","","331","0% (0/0)","0% (0/0)","0% (0/0)","similarity","identity","https://i.imgur.com/sgjH2l9.png","https://i.imgur.com/gquD07O.png","Argument 2"
"3XJOUITW8URZLMYTHOOQBJ2IB55QTD","3VQ3WJ3HVNW2HKT9PBNM1J8FIWXMIU","Select the most convincing argument","Categorize the given content based on the provided criteria","text, classification","$0.30","Mon Nov 20 10:18:26 PST 2023","5","BatchId:5158906;OriginalHitTemplateId:928390873;","1200","259200","Thu Nov 23 10:18:26 PST 2023","","","3AQF3RZ558IZFJV2XXA5DU1ACGS6F3","A2TBXASXZIRNNW","Submitted","Mon Nov 20 10:19:20 PST 2023","Mon Nov 20 10:23:26 PST 2023","Thu Nov 23 10:23:26 PST 2023","","","","246","100% (22/22)","100% (22/22)","100% (22/22)","knowledge","conflict","https://i.imgur.com/n13TWGD.png","https://i.imgur.com/Ds2Hjsq.png","Argument 1"
"3XJOUITW8URZLMYTHOOQBJ2IB55QTD","3VQ3WJ3HVNW2HKT9PBNM1J8FIWXMIU","Select the most convincing argument","Categorize the given content based on the provided criteria","text, classification","$0.30","Mon Nov 20 10:18:26 PST 2023","5","BatchId:5158906;OriginalHitTemplateId:928390873;","1200","259200","Thu Nov 23 10:18:26 PST 2023","","","369J354OFDA5TJRX8HGNVF1MDVS6G2","A14W0AXTJ3R19V","Submitted","Mon Nov 20 10:19:29 PST 2023","Mon Nov 20 10:24:03 PST 2023","Thu Nov 23 10:24:03 PST 2023","","","","274","0% (0/0)","0% (0/0)","0% (0/0)","knowledge","conflict","https://i.imgur.com/n13TWGD.png","https://i.imgur.com/Ds2Hjsq.png","Argument 1"
"3XJOUITW8URZLMYTHOOQBJ2IB55QTD","3VQ3WJ3HVNW2HKT9PBNM1J8FIWXMIU","Select the most convincing argument","Categorize the given content based on the provided criteria","text, classification","$0.30","Mon Nov 20 10:18:26 PST 2023","5","BatchId:5158906;OriginalHitTemplateId:928390873;","1200","259200","Thu Nov 23 10:18:26 PST 2023","","","3BEFOD78W6TR66J50WL3BM15DQY4MN","A24LUXW1DB1QI5","Submitted","Mon Nov 20 10:23:20 PST 2023","Mon Nov 20 10:25:06 PST 2023","Thu Nov 23 10:25:06 PST 2023","","","","106","0% (0/0)","0% (0/0)","0% (0/0)","knowledge","conflict","https://i.imgur.com/n13TWGD.png","https://i.imgur.com/Ds2Hjsq.png","Argument 2"
"3XJOUITW8URZLMYTHOOQBJ2IB55QTD","3VQ3WJ3HVNW2HKT9PBNM1J8FIWXMIU","Select the most convincing argument","Categorize the given content based on the provided criteria","text, classification","$0.30","Mon Nov 20 10:18:26 PST 2023","5","BatchId:5158906;OriginalHitTemplateId:928390873;","1200","259200","Thu Nov 23 10:18:26 PST 2023","","","39N5ACM9HENYOFMU979M9Y6G4NN9PK","A38DC3BG1ZCVZ2","Submitted","Mon Nov 20 10:20:03 PST 2023","Mon Nov 20 10:30:15 PST 2023","Thu Nov 23 10:30:15 PST 2023","","","","612","0% (0/0)","0% (0/0)","0% (0/0)","knowledge","conflict","https://i.imgur.com/n13TWGD.png","https://i.imgur.com/Ds2Hjsq.png","Argument 1"
"3XJOUITW8URZLMYTHOOQBJ2IB55QTD","3VQ3WJ3HVNW2HKT9PBNM1J8FIWXMIU","Select the most convincing argument","Categorize the given content based on the provided criteria","text, classification","$0.30","Mon Nov 20 10:18:26 PST 2023","5","BatchId:5158906;OriginalHitTemplateId:928390873;","1200","259200","Thu Nov 23 10:18:26 PST 2023","","","33CID57104TMISIG06F514UAZLC3LZ","A3GK90X2QOFR53","Submitted","Mon Nov 20 10:19:10 PST 2023","Mon Nov 20 10:32:41 PST 2023","Thu Nov 23 10:32:41 PST 2023","","","","811","0% (0/0)","0% (0/0)","0% (0/0)","knowledge","conflict","https://i.imgur.com/n13TWGD.png","https://i.imgur.com/Ds2Hjsq.png","Argument 1"
"3I4E7AFQ2KZIZZUGMY4HEIQWXADTJP","3VQ3WJ3HVNW2HKT9PBNM1J8FIWXMIU","Select the most convincing argument","Categorize the given content based on the provided criteria","text, classification","$0.30","Mon Nov 20 10:18:26 PST 2023","5","BatchId:5158906;OriginalHitTemplateId:928390873;","1200","259200","Thu Nov 23 10:18:26 PST 2023","","","3S06PH7KSR47ADG90L3YUY78SSW1DP","A2Q1YS118AO2BP","Submitted","Mon Nov 20 10:20:26 PST 2023","Mon Nov 20 10:24:48 PST 2023","Thu Nov 23 10:24:48 PST 2023","","","","262","0% (0/0)","0% (0/0)","0% (0/0)","support","identity","https://i.imgur.com/3gcrosv.png","https://i.imgur.com/dB8E0VA.png","Argument 2"
"3I4E7AFQ2KZIZZUGMY4HEIQWXADTJP","3VQ3WJ3HVNW2HKT9PBNM1J8FIWXMIU","Select the most convincing argument","Categorize the given content based on the provided criteria","text, classification","$0.30","Mon Nov 20 10:18:26 PST 2023","5","BatchId:5158906;OriginalHitTemplateId:928390873;","1200","259200","Thu Nov 23 10:18:26 PST 2023","","","3PJUZCGDJ6GDINNDNQ7BNCBQFDN980","A9K0CV70JWG1W","Submitted","Mon Nov 20 10:19:25 PST 2023","Mon Nov 20 10:26:59 PST 2023","Thu Nov 23 10:26:59 PST 2023","","","","454","0% (0/0)","0% (0/0)","0% (0/0)","support","identity","https://i.imgur.com/3gcrosv.png","https://i.imgur.com/dB8E0VA.png","Argument 2"
"3I4E7AFQ2KZIZZUGMY4HEIQWXADTJP","3VQ3WJ3HVNW2HKT9PBNM1J8FIWXMIU","Select the most convincing argument","Categorize the given content based on the provided criteria","text, classification","$0.30","Mon Nov 20 10:18:26 PST 2023","5","BatchId:5158906;OriginalHitTemplateId:928390873;","1200","259200","Thu Nov 23 10:18:26 PST 2023","","","31JLPPHS2UUUODLDDYVXTLY4UQH3OG","A3HAPMZV7CYDY8","Submitted","Mon Nov 20 10:19:17 PST 2023","Mon Nov 20 10:29:00 PST 2023","Thu Nov 23 10:29:00 PST 2023","","","","583","0% (0/0)","0% (0/0)","0% (0/0)","support","identity","https://i.imgur.com/3gcrosv.png","https://i.imgur.com/dB8E0VA.png","Argument 2"
"3I4E7AFQ2KZIZZUGMY4HEIQWXADTJP","3VQ3WJ3HVNW2HKT9PBNM1J8FIWXMIU","Select the most convincing argument","Categorize the given content based on the provided criteria","text, classification","$0.30","Mon Nov 20 10:18:26 PST 2023","5","BatchId:5158906;OriginalHitTemplateId:928390873;","1200","259200","Thu Nov 23 10:18:26 PST 2023","","","3VW04L3ZLT6TYK6JYEPHJEE1DPMXXE","A14W0AXTJ3R19V","Submitted","Mon Nov 20 10:27:40 PST 2023","Mon Nov 20 10:30:07 PST 2023","Thu Nov 23 10:30:07 PST 2023","","","","147","0% (0/0)","0% (0/0)","0% (0/0)","support","identity","https://i.imgur.com/3gcrosv.png","https://i.imgur.com/dB8E0VA.png","Argument 2"
"3I4E7AFQ2KZIZZUGMY4HEIQWXADTJP","3VQ3WJ3HVNW2HKT9PBNM1J8FIWXMIU","Select the most convincing argument","Categorize the given content based on the provided criteria","text, classification","$0.30","Mon Nov 20 10:18:26 PST 2023","5","BatchId:5158906;OriginalHitTemplateId:928390873;","1200","259200","Thu Nov 23 10:18:26 PST 2023","","","3PJ71Z61R42V7N3SO5YW82OI17H198","A38DC3BG1ZCVZ2","Submitted","Mon Nov 20 10:20:06 PST 2023","Mon Nov 20 10:31:32 PST 2023","Thu Nov 23 10:31:32 PST 2023","","","","686","0% (0/0)","0% (0/0)","0% (0/0)","support","identity","https://i.imgur.com/3gcrosv.png","https://i.imgur.com/dB8E0VA.png","Argument 1"